DisplayName,Name,Path,Id,Identity,RecipientFilterType,RecipientFilter,LdapRecipientFilter
"All Distribution Lists","All Distribution Lists","\All Distribution Lists","\All Distribution Lists","\All Distribution Lists","Custom","((Alias -ne $null) -and (ObjectCategory -like 'group'))","(&(mailNickname=*)(objectCategory=group))"
"Programmed Turnpoint","Programmed Turnpoint","\Programmed Turnpoint","\Programmed Turnpoint","\Programmed Turnpoint","Custom","((((Alias -ne $null) -and (((((((((((ObjectClass -eq 'user') -or (ObjectClass -eq 'contact'))) -or (ObjectClass -eq 'msExchSystemMailbox'))) -or (ObjectClass -eq 'msExchDynamicDistributionList'))) -or (ObjectClass -eq 'group'))) -or (ObjectClass -eq 'publicFolder'))))) -and (Company -eq 'Programmed Turnpoint'))","(&(mailNickname=*)(|(objectClass=user)(objectClass=contact)(objectClass=msExchSystemMailbox)(objectClass=msExchDynamicDistributionList)(objectClass=group)(objectClass=publicFolder))(company=Programmed Turnpoint))"
"Atlas Professionals","Atlas Professionals","\Atlas Professionals","\Atlas Professionals","\Atlas Professionals","Custom","((((Alias -ne $null) -and (((((((((((ObjectClass -eq 'user') -or (ObjectClass -eq 'Contact'))) -or (ObjectClass -eq 'msExchSystemMailbox'))) -or (ObjectClass -eq 'msExchDynamicDistributionList'))) -or (ObjectClass -eq 'group'))) -or (ObjectClass -eq 'publicFolder'))))) -and (Company -eq 'Atlas Professionals'))","(&(mailNickname=*)(|(objectClass=user)(objectClass=Contact)(objectClass=msExchSystemMailbox)(objectClass=msExchDynamicDistributionList)(objectClass=group)(objectClass=publicFolder))(company=Atlas Professionals))"
"Programmed Electrical Technologies","Programmed Electrical Technologies","\Programmed Electrical Technologies","\Programmed Electrical Technologies","\Programmed Electrical Technologies","Custom","((((Alias -ne $null) -and (((((((((((ObjectClass -eq 'user') -or (ObjectClass -eq 'contact'))) -or (ObjectClass -eq 'msExchSystemMailbox'))) -or (ObjectClass -eq 'msExchDynamicDistributionList'))) -or (ObjectClass -eq 'group'))) -or (ObjectClass -eq 'publicFolder'))))) -and (Company -eq 'Programmed Electrical Technologies'))","(&(mailNickname=*)(|(objectClass=user)(objectClass=contact)(objectClass=msExchSystemMailbox)(objectClass=msExchDynamicDistributionList)(objectClass=group)(objectClass=publicFolder))(company=Programmed Electrical Technologies))"
"Programmed Integrated Workforce","Programmed Integrated Workforce","\Programmed Integrated Workforce","\Programmed Integrated Workforce","\Programmed Integrated Workforce","Custom","((((Alias -ne $null) -and (((((((((((ObjectClass -eq 'user') -or (ObjectClass -eq 'contact'))) -or (ObjectClass -eq 'msExchSystemMailbox'))) -or (ObjectClass -eq 'msExchDynamicDistributionList'))) -or (ObjectClass -eq 'group'))) -or (ObjectClass -eq 'publicFolder'))))) -and (Company -eq 'Programmed Integrated Workforce'))","(&(mailNickname=*)(|(objectClass=user)(objectClass=contact)(objectClass=msExchSystemMailbox)(objectClass=msExchDynamicDistributionList)(objectClass=group)(objectClass=publicFolder))(company=Programmed Integrated Workforce))"
"Programmed Facility Management","Programmed Facility Management","\Programmed Facility Management","\Programmed Facility Management","\Programmed Facility Management","Custom","((((Alias -ne $null) -and (((((((((((ObjectClass -eq 'user') -or (ObjectClass -eq 'contact'))) -or (ObjectClass -eq 'msExchSystemMailbox'))) -or (ObjectClass -eq 'msExchDynamicDistributionList'))) -or (ObjectClass -eq 'group'))) -or (ObjectClass -eq 'publicFolder'))))) -and (Company -eq 'Programmed Facility Management'))","(&(mailNickname=*)(|(objectClass=user)(objectClass=contact)(objectClass=msExchSystemMailbox)(objectClass=msExchDynamicDistributionList)(objectClass=group)(objectClass=publicFolder))(company=Programmed Facility Management))"
"Programmed Property Services","Programmed Property Services","\Programmed Property Services","\Programmed Property Services","\Programmed Property Services","Custom","((((Alias -ne $null) -and (((((((((((ObjectClass -eq 'user') -or (ObjectClass -eq 'contact'))) -or (ObjectClass -eq 'msExchSystemMailbox'))) -or (ObjectClass -eq 'msExchDynamicDistributionList'))) -or (ObjectClass -eq 'group'))) -or (ObjectClass -eq 'publicFolder'))))) -and (Company -eq 'Programmed Property Services'))","(&(mailNickname=*)(|(objectClass=user)(objectClass=contact)(objectClass=msExchSystemMailbox)(objectClass=msExchDynamicDistributionList)(objectClass=group)(objectClass=publicFolder))(company=Programmed Property Services))"
"All Rooms","All Rooms","\All Rooms","\All Rooms","\All Rooms","Custom","((Alias -ne $null) -and (((RecipientDisplayType -eq 'ConferenceRoomMailbox') -or (RecipientDisplayType -eq 'SyncedConferenceRoomMailbox'))))","(&(mailNickname=*)(|(msExchRecipientDisplayType=7)(msExchRecipientDisplayType=-2147481850)))"
"All Users","All Users","\All Users","\All Users","\All Users","Precanned","RecipientType -eq 'UserMailbox'","(&(objectClass=user)(objectCategory=person)(mailNickname=*)(msExchHomeServerName=*))"
"All Groups","All Groups","\All Groups","\All Groups","\All Groups","Precanned","((RecipientType -eq 'MailUniversalDistributionGroup') -or (RecipientType -eq 'MailUniversalSecurityGroup') -or (RecipientType -eq 'MailNonUniversalGroup') -or (RecipientType -eq 'DynamicDistributionGroup'))","(|(&(objectCategory=group)(groupType:1.2.840.113556.1.4.804:=8)(!(groupType:1.2.840.113556.1.4.804:=2147483648))(mailNickname=*))(&(objectCategory=group)(groupType:1.2.840.113556.1.4.803:=2147483656)(mailNickname=*))(&(objectCategory=group)(!(groupType:1.2.840.113556.1.4.804:=8))(mailNickname=*))(&(objectCategory=msExchDynamicDistributionList)(mailNickname=*)))"
"All Contacts","All Contacts","\All Contacts","\All Contacts","\All Contacts","Precanned","RecipientType -eq 'MailContact'","(&(objectClass=contact)(mailNickname=*))"
"Public Folders","Public Folders","\Public Folders","\Public Folders","\Public Folders","Custom","RecipientType -eq 'PublicFolder'","(&(objectCategory=publicFolder)(mailNickname=*))"
