"Identity","User","Access Rights"
"iwf.com.au/PRG/Shared Resources/accountsnz","S-1-5-21-3459602364-450499683-3550924190-23276554","FullAccess"
"iwf.com.au/PRG/Shared Resources/accountsnz","S-1-5-21-645394708-710397331-2902943591-6823481","FullAccess"
"iwf.com.au/PRG/Shared Resources/accountsnz","S-1-5-21-645394708-710397331-2902943591-13622333","FullAccess"
"iwf.com.au/PRG/Shared Resources/accountsnz","IWF\hallen","FullAccess"
"iwf.com.au/PRG/Shared Resources/accountsnz","IWF\skelly","FullAccess"
"iwf.com.au/PRG/Shared Resources/accountsnz","IWF\Andrew.Mullen","FullAccess"
"iwf.com.au/PRG/Shared Resources/accountsnz","IWF\ebowers","FullAccess"
"iwf.com.au/PRG/Shared Resources/accountsnz","IWF\kjones","FullAccess"
"iwf.com.au/PRG/Shared Resources/accountsnz","IWF\test1-p2","FullAccess"
"iwf.com.au/PRG/Shared Resources/accountsnz","IWF\AZieltjes","FullAccess"
"iwf.com.au/PRG/Shared Resources/AU Service Delivery","IWF\hmckenzie","FullAccess;DeleteItem"
"iwf.com.au/PRG/Shared Resources/AU Service Delivery","IWF\Lshortt","FullAccess"
"iwf.com.au/PRG/Shared Resources/AU Service Delivery","S-1-5-21-858237349-4279645165-3005076073-74321","DeleteItem"
"iwf.com.au/PRG/Shared Resources/AU Service Delivery","S-1-5-21-858237349-4279645165-3005076073-74326","FullAccess;DeleteItem"
"iwf.com.au/PRG/Shared Resources/AU Service Delivery","S-1-5-21-858237349-4279645165-3005076073-74327","FullAccess;DeleteItem"
"iwf.com.au/PRG/Shared Resources/AU Service Delivery","S-1-5-21-858237349-4279645165-3005076073-74328","FullAccess;DeleteItem"
"iwf.com.au/PRG/Shared Resources/AU Service Delivery","S-1-5-21-858237349-4279645165-3005076073-74344","FullAccess;DeleteItem"
"iwf.com.au/PRG/Shared Resources/AU Service Delivery","IWF\LYNDELLE","FullAccess"
"iwf.com.au/PRG/Shared Resources/AU Service Delivery","IWF\SGrebby","FullAccess"
"iwf.com.au/PRG/Shared Resources/AU Service Delivery","S-1-5-21-858237349-4279645165-3005076073-88225","DeleteItem"
"iwf.com.au/PRG/Shared Resources/AU Service Delivery","IWF\JWheele","FullAccess;DeleteItem"
"iwf.com.au/PRG/Shared Resources/AU Service Delivery","IWF\CVanCuylenburg","FullAccess"
"iwf.com.au/PRG/Shared Resources/AU Service Delivery","S-1-5-21-858237349-4279645165-3005076073-246928","FullAccess"
"iwf.com.au/PRG/Shared Resources/AU Service Delivery","S-1-5-21-858237349-4279645165-3005076073-247095","FullAccess"
"iwf.com.au/PRG/Shared Resources/AU Service Delivery","IWF\NCollard","FullAccess"
"iwf.com.au/PRG/Shared Resources/AU Service Delivery","S-1-5-21-858237349-4279645165-3005076073-256594","FullAccess"
"iwf.com.au/PRG/PFM/AU/NSW/Parramatta/Shared Mailboxes/claims","S-1-5-21-858237349-4279645165-3005076073-52662","DeleteItem"
"iwf.com.au/PRG/PFM/AU/NSW/Parramatta/Shared Mailboxes/claims","S-1-5-21-858237349-4279645165-3005076073-52880","FullAccess;DeleteItem"
"iwf.com.au/PRG/PFM/AU/NSW/Parramatta/Shared Mailboxes/claims","S-1-5-21-858237349-4279645165-3005076073-67639","FullAccess"
"iwf.com.au/PRG/PFM/AU/NSW/Parramatta/Shared Mailboxes/claims","S-1-5-21-858237349-4279645165-3005076073-67653","FullAccess;DeleteItem"
"iwf.com.au/PRG/PFM/AU/NSW/Parramatta/Shared Mailboxes/claims","S-1-5-21-858237349-4279645165-3005076073-67657","DeleteItem"
"iwf.com.au/PRG/PFM/AU/NSW/Parramatta/Shared Mailboxes/claims","S-1-5-21-858237349-4279645165-3005076073-74307","DeleteItem"
"iwf.com.au/PRG/PFM/AU/NSW/Parramatta/Shared Mailboxes/claims","S-1-5-21-858237349-4279645165-3005076073-76915","DeleteItem"
"iwf.com.au/PRG/PFM/AU/NSW/Parramatta/Shared Mailboxes/claims","S-1-5-21-858237349-4279645165-3005076073-76916","FullAccess"
"iwf.com.au/PRG/PFM/AU/NSW/Parramatta/Shared Mailboxes/claims","S-1-5-21-858237349-4279645165-3005076073-85139","DeleteItem"
"iwf.com.au/PRG/PFM/AU/NSW/Parramatta/Shared Mailboxes/claims","S-1-5-21-858237349-4279645165-3005076073-85149","DeleteItem"
"iwf.com.au/PRG/PFM/AU/NSW/Parramatta/Shared Mailboxes/claims","S-1-5-21-858237349-4279645165-3005076073-85344","DeleteItem"
"iwf.com.au/PRG/PFM/AU/NSW/Parramatta/Shared Mailboxes/claims","S-1-5-21-858237349-4279645165-3005076073-86547","DeleteItem"
"iwf.com.au/PRG/PFM/AU/NSW/Parramatta/Shared Mailboxes/claims","S-1-5-21-858237349-4279645165-3005076073-86548","FullAccess;DeleteItem"
"iwf.com.au/PRG/PFM/AU/NSW/Parramatta/Shared Mailboxes/claims","S-1-5-21-858237349-4279645165-3005076073-88124","DeleteItem"
"iwf.com.au/PRG/PFM/AU/NSW/Parramatta/Shared Mailboxes/claims","S-1-5-21-858237349-4279645165-3005076073-88316","DeleteItem"
"iwf.com.au/PRG/PFM/AU/NSW/Parramatta/Shared Mailboxes/claims","S-1-5-21-858237349-4279645165-3005076073-88348","DeleteItem"
"iwf.com.au/PRG/PFM/AU/NSW/Parramatta/Shared Mailboxes/claims","S-1-5-21-858237349-4279645165-3005076073-99108","FullAccess;DeleteItem"
"iwf.com.au/PRG/PFM/AU/NSW/Parramatta/Shared Mailboxes/claims","S-1-5-21-858237349-4279645165-3005076073-99440","DeleteItem"
"iwf.com.au/PRG/PFM/AU/NSW/Parramatta/Shared Mailboxes/claims","S-1-5-21-858237349-4279645165-3005076073-110525","DeleteItem"
"iwf.com.au/PRG/PFM/AU/NSW/Parramatta/Shared Mailboxes/claims","S-1-5-21-858237349-4279645165-3005076073-110530","DeleteItem"
"iwf.com.au/PRG/PFM/AU/NSW/Parramatta/Shared Mailboxes/claims","S-1-5-21-858237349-4279645165-3005076073-131669","DeleteItem"
"iwf.com.au/PRG/PFM/AU/NSW/Parramatta/Shared Mailboxes/claims","S-1-5-21-858237349-4279645165-3005076073-131710","FullAccess;DeleteItem"
"iwf.com.au/PRG/PFM/AU/NSW/Parramatta/Shared Mailboxes/claims","S-1-5-21-858237349-4279645165-3005076073-132091","DeleteItem"
"iwf.com.au/PRG/PFM/AU/NSW/Parramatta/Shared Mailboxes/claims","S-1-5-21-858237349-4279645165-3005076073-132092","DeleteItem"
"iwf.com.au/PRG/PFM/AU/NSW/Parramatta/Shared Mailboxes/claims","IWF\YWeng","FullAccess"
"iwf.com.au/PRG/PFM/AU/NSW/Parramatta/Shared Mailboxes/claims","S-1-5-21-858237349-4279645165-3005076073-133301","FullAccess;DeleteItem"
"iwf.com.au/PRG/PFM/AU/NSW/Parramatta/Shared Mailboxes/claims","S-1-5-21-858237349-4279645165-3005076073-136093","FullAccess"
"iwf.com.au/PRG/PFM/AU/NSW/Parramatta/Shared Mailboxes/claims","S-1-5-21-858237349-4279645165-3005076073-136184","DeleteItem"
"iwf.com.au/PRG/PFM/AU/NSW/Parramatta/Shared Mailboxes/claims","S-1-5-21-858237349-4279645165-3005076073-136496","FullAccess"
"iwf.com.au/PRG/PFM/AU/NSW/Parramatta/Shared Mailboxes/claims","IWF\AmSingh","FullAccess"
"iwf.com.au/PRG/PFM/AU/NSW/Parramatta/Shared Mailboxes/claims","S-1-5-21-858237349-4279645165-3005076073-141269","FullAccess"
"iwf.com.au/PRG/PFM/AU/NSW/Parramatta/Shared Mailboxes/claims","S-1-5-21-858237349-4279645165-3005076073-144500","FullAccess"
"iwf.com.au/PRG/PFM/AU/NSW/Parramatta/Shared Mailboxes/claims","IWF\SDevaraj","FullAccess"
"iwf.com.au/PRG/PFM/AU/NSW/Parramatta/Shared Mailboxes/claims","S-1-5-21-858237349-4279645165-3005076073-144520","FullAccess"
"iwf.com.au/PRG/PFM/AU/NSW/Parramatta/Shared Mailboxes/claims","S-1-5-21-858237349-4279645165-3005076073-144529","FullAccess"
"iwf.com.au/PRG/PFM/AU/NSW/Parramatta/Shared Mailboxes/claims","S-1-5-21-858237349-4279645165-3005076073-146378","FullAccess"
"iwf.com.au/PRG/PFM/AU/NSW/Parramatta/Shared Mailboxes/claims","S-1-5-21-858237349-4279645165-3005076073-146379","FullAccess"
"iwf.com.au/PRG/PFM/AU/NSW/Parramatta/Shared Mailboxes/claims","S-1-5-21-858237349-4279645165-3005076073-146384","FullAccess"
"iwf.com.au/PRG/PFM/AU/NSW/Parramatta/Shared Mailboxes/claims","S-1-5-21-858237349-4279645165-3005076073-146387","FullAccess"
"iwf.com.au/PRG/PFM/AU/NSW/Parramatta/Shared Mailboxes/claims","S-1-5-21-858237349-4279645165-3005076073-146400","FullAccess"
"iwf.com.au/PRG/PFM/AU/NSW/Parramatta/Shared Mailboxes/claims","S-1-5-21-858237349-4279645165-3005076073-146409","FullAccess"
"iwf.com.au/PRG/PFM/AU/NSW/Parramatta/Shared Mailboxes/claims","S-1-5-21-858237349-4279645165-3005076073-146730","FullAccess"
"iwf.com.au/PRG/PFM/AU/NSW/Parramatta/Shared Mailboxes/claims","S-1-5-21-858237349-4279645165-3005076073-148182","FullAccess"
"iwf.com.au/PRG/PFM/AU/NSW/Parramatta/Shared Mailboxes/claims","S-1-5-21-858237349-4279645165-3005076073-150195","FullAccess"
"iwf.com.au/PRG/PFM/AU/NSW/Parramatta/Shared Mailboxes/claims","S-1-5-21-858237349-4279645165-3005076073-150200","FullAccess"
"iwf.com.au/PRG/PFM/AU/NSW/Parramatta/Shared Mailboxes/claims","S-1-5-21-858237349-4279645165-3005076073-150246","FullAccess"
"iwf.com.au/PRG/PFM/AU/NSW/Parramatta/Shared Mailboxes/claims","S-1-5-21-858237349-4279645165-3005076073-150364","FullAccess"
"iwf.com.au/PRG/PFM/AU/NSW/Parramatta/Shared Mailboxes/claims","S-1-5-21-858237349-4279645165-3005076073-150384","FullAccess"
"iwf.com.au/PRG/PFM/AU/NSW/Parramatta/Shared Mailboxes/claims","S-1-5-21-858237349-4279645165-3005076073-153406","FullAccess"
"iwf.com.au/PRG/PFM/AU/NSW/Parramatta/Shared Mailboxes/claims","S-1-5-21-858237349-4279645165-3005076073-153509","FullAccess"
"iwf.com.au/PRG/PFM/AU/NSW/Parramatta/Shared Mailboxes/claims","S-1-5-21-858237349-4279645165-3005076073-153769","FullAccess"
"iwf.com.au/PRG/PFM/AU/NSW/Parramatta/Shared Mailboxes/claims","S-1-5-21-858237349-4279645165-3005076073-153838","FullAccess"
"iwf.com.au/PRG/PFM/AU/NSW/Parramatta/Shared Mailboxes/claims","S-1-5-21-858237349-4279645165-3005076073-156104","FullAccess"
"iwf.com.au/PRG/PFM/AU/NSW/Parramatta/Shared Mailboxes/claims","S-1-5-21-858237349-4279645165-3005076073-164758","FullAccess"
"iwf.com.au/PRG/PFM/AU/NSW/Parramatta/Shared Mailboxes/claims","S-1-5-21-858237349-4279645165-3005076073-166589","FullAccess"
"iwf.com.au/PRG/PFM/AU/NSW/Parramatta/Shared Mailboxes/claims","S-1-5-21-858237349-4279645165-3005076073-166917","FullAccess"
"iwf.com.au/PRG/PFM/AU/NSW/Parramatta/Shared Mailboxes/claims","S-1-5-21-858237349-4279645165-3005076073-168661","FullAccess"
"iwf.com.au/PRG/PFM/AU/NSW/Parramatta/Shared Mailboxes/claims","S-1-5-21-858237349-4279645165-3005076073-168678","FullAccess"
"iwf.com.au/PRG/PFM/AU/NSW/Parramatta/Shared Mailboxes/claims","S-1-5-21-858237349-4279645165-3005076073-170118","FullAccess"
"iwf.com.au/PRG/PFM/AU/NSW/Parramatta/Shared Mailboxes/claims","S-1-5-21-858237349-4279645165-3005076073-170684","FullAccess"
"iwf.com.au/PRG/PFM/AU/NSW/Parramatta/Shared Mailboxes/claims","S-1-5-21-858237349-4279645165-3005076073-170838","FullAccess"
"iwf.com.au/PRG/PFM/AU/NSW/Parramatta/Shared Mailboxes/claims","S-1-5-21-858237349-4279645165-3005076073-170966","FullAccess"
"iwf.com.au/PRG/PFM/AU/NSW/Parramatta/Shared Mailboxes/claims","S-1-5-21-858237349-4279645165-3005076073-170980","FullAccess"
"iwf.com.au/PRG/PFM/AU/NSW/Parramatta/Shared Mailboxes/claims","S-1-5-21-858237349-4279645165-3005076073-180102","FullAccess"
"iwf.com.au/PRG/PFM/AU/NSW/Parramatta/Shared Mailboxes/claims","S-1-5-21-858237349-4279645165-3005076073-180210","FullAccess"
"iwf.com.au/PRG/PFM/AU/NSW/Parramatta/Shared Mailboxes/claims","IWF\TTant","FullAccess"
"iwf.com.au/PRG/PFM/AU/NSW/Parramatta/Shared Mailboxes/claims","S-1-5-21-858237349-4279645165-3005076073-180563","FullAccess"
"iwf.com.au/PRG/PFM/AU/NSW/Parramatta/Shared Mailboxes/claims","S-1-5-21-858237349-4279645165-3005076073-180767","FullAccess"
"iwf.com.au/PRG/PFM/AU/NSW/Parramatta/Shared Mailboxes/claims","S-1-5-21-858237349-4279645165-3005076073-180947","FullAccess"
"iwf.com.au/PRG/PFM/AU/NSW/Parramatta/Shared Mailboxes/claims","S-1-5-21-858237349-4279645165-3005076073-181048","FullAccess"
"iwf.com.au/PRG/PFM/AU/NSW/Parramatta/Shared Mailboxes/claims","S-1-5-21-858237349-4279645165-3005076073-183972","FullAccess"
"iwf.com.au/PRG/PFM/AU/NSW/Parramatta/Shared Mailboxes/claims","S-1-5-21-858237349-4279645165-3005076073-184014","FullAccess"
"iwf.com.au/PRG/PFM/AU/NSW/Parramatta/Shared Mailboxes/claims","S-1-5-21-858237349-4279645165-3005076073-184286","FullAccess"
"iwf.com.au/PRG/Shared Resources/Invoice WA Project Team","S-1-5-21-858237349-4279645165-3005076073-183833","FullAccess"
"iwf.com.au/PRG/Shared Resources/Invoice WA Project Team","S-1-5-21-858237349-4279645165-3005076073-196714","FullAccess"
"iwf.com.au/PRG/Shared Resources/Invoice WA Project Team","S-1-5-21-858237349-4279645165-3005076073-198281","FullAccess"
"iwf.com.au/PRG/Shared Resources/Invoice WA Project Team","S-1-5-21-858237349-4279645165-3005076073-198435","FullAccess"
"iwf.com.au/PRG/Shared Resources/Invoice WA Project Team","S-1-5-21-858237349-4279645165-3005076073-198472","FullAccess"
"iwf.com.au/PRG/Shared Resources/Invoice WA Project Team","IWF\Kelly.Stone","FullAccess"
"iwf.com.au/PRG/Shared Resources/Invoice WA Project Team","S-1-5-21-858237349-4279645165-3005076073-214644","FullAccess"
"iwf.com.au/PRG/Shared Resources/LauncestonPSW Voicemail","IWF\Sean.Lucas","FullAccess"
"iwf.com.au/PRG/Shared Resources/MTW Interpretation","S-1-5-21-858237349-4279645165-3005076073-180913","FullAccess"
"iwf.com.au/PRG/Shared Resources/MTW Interpretation","IWF\MichaelS","FullAccess"
"iwf.com.au/PRG/Shared Resources/MTW Interpretation","S-1-5-21-858237349-4279645165-3005076073-184573","FullAccess"
"iwf.com.au/PRG/Shared Resources/MTW Interpretation","S-1-5-21-858237349-4279645165-3005076073-185158","FullAccess"
"iwf.com.au/PRG/Shared Resources/MTW Interpretation","S-1-5-21-858237349-4279645165-3005076073-185359","FullAccess"
"iwf.com.au/PRG/Shared Resources/MTW Interpretation","S-1-5-21-858237349-4279645165-3005076073-185453","FullAccess"
"iwf.com.au/PRG/Shared Resources/MTW Interpretation","S-1-5-21-858237349-4279645165-3005076073-185598","FullAccess"
"iwf.com.au/PRG/Shared Resources/MTW Interpretation","S-1-5-21-858237349-4279645165-3005076073-185609","FullAccess"
"iwf.com.au/PRG/Shared Resources/MTW Interpretation","S-1-5-21-858237349-4279645165-3005076073-186054","FullAccess"
"iwf.com.au/PRG/Shared Resources/MTW Interpretation","IWF\PCrowder","FullAccess"
"iwf.com.au/PRG/Shared Resources/MTW Interpretation","S-1-5-21-858237349-4279645165-3005076073-189293","FullAccess"
"iwf.com.au/PRG/Shared Resources/MTW Interpretation","IWF\MBS - MTW Interpretation - FA","FullAccess"
"iwf.com.au/PRG/Shared Resources/MTW Interpretation","S-1-5-21-858237349-4279645165-3005076073-248178","FullAccess"
"iwf.com.au/PRG/Shared Resources/MTW Interpretation","S-1-5-21-858237349-4279645165-3005076073-248309","FullAccess"
"iwf.com.au/PRG/Shared Resources/PHP - Compliance & Complaints","S-1-5-21-543047475-1947007658-2986753464-2106","FullAccess"
"iwf.com.au/PRG/Shared Resources/PHP - Compliance & Complaints","SKILLED\Domain Admins","FullAccess"
"iwf.com.au/PRG/Shared Resources/PHP - Compliance & Complaints","IWF\Workstation Admins","FullAccess"
"iwf.com.au/PRG/Shared Resources/PHP - Compliance & Complaints","IWF\OHC__MST","FullAccess"
"iwf.com.au/PRG/Shared Resources/PHP - Compliance & Complaints","SKILLED\vkalla","FullAccess"
"iwf.com.au/PRG/Shared Resources/PHP - Compliance & Complaints","IWF\emcpherson","FullAccess"
"iwf.com.au/PRG/Shared Resources/PHP - Compliance & Complaints","IWF\emlanson","FullAccess"
"iwf.com.au/PRG/Shared Resources/PHP - Compliance & Complaints","S-1-5-21-858237349-4279645165-3005076073-185971","FullAccess"
"iwf.com.au/PRG/Shared Resources/PHP - Compliance & Complaints","IWF\ljouana","FullAccess"
"iwf.com.au/PRG/Shared Resources/PHP - Compliance & Complaints","IWF\Kylee.Smith","FullAccess"
"iwf.com.au/PRG/Shared Resources/PHP - Compliance & Complaints","S-1-5-21-858237349-4279645165-3005076073-189943","FullAccess"
"iwf.com.au/PRG/Shared Resources/PHP - Compliance & Complaints","IWF\DShannon","FullAccess"
"iwf.com.au/PRG/Shared Resources/PHP - Compliance & Complaints","IWF\kclifton","FullAccess"
"iwf.com.au/PRG/Shared Resources/PHP - Compliance & Complaints","S-1-5-21-858237349-4279645165-3005076073-215168","FullAccess"
"iwf.com.au/PRG/Shared Resources/PHP - Compliance & Complaints","S-1-5-21-858237349-4279645165-3005076073-234066","FullAccess"
"iwf.com.au/PRG/Shared Resources/PHP - Compliance & Complaints","S-1-5-21-858237349-4279645165-3005076073-248121","FullAccess"
"iwf.com.au/PRG/Shared Resources/PHP - Compliance & Complaints","S-1-5-21-858237349-4279645165-3005076073-249538","FullAccess"
"iwf.com.au/PRG/Shared Resources/PHP - Compliance & Complaints","S-1-5-21-858237349-4279645165-3005076073-257201","FullAccess"
"iwf.com.au/PRG/Shared Resources/PHP - Compliance & Complaints","IWF\Rachael.Barnett","FullAccess"
"iwf.com.au/PRG/Shared Resources/PIW PSW Timesheets","S-1-5-21-858237349-4279645165-3005076073-99152","FullAccess"
"iwf.com.au/PRG/Shared Resources/PIW PSW Timesheets","S-1-5-21-858237349-4279645165-3005076073-167090","FullAccess"
"iwf.com.au/PRG/Shared Resources/PIW PSW Timesheets","S-1-5-21-858237349-4279645165-3005076073-184573","FullAccess"
"iwf.com.au/PRG/Shared Resources/PIW PSW Timesheets","S-1-5-21-858237349-4279645165-3005076073-185181","FullAccess"
"iwf.com.au/PRG/Shared Resources/PIW PSW Timesheets","S-1-5-21-858237349-4279645165-3005076073-185804","FullAccess"
"iwf.com.au/PRG/Shared Resources/PIW PSW Timesheets","S-1-5-21-858237349-4279645165-3005076073-186378","FullAccess"
"iwf.com.au/PRG/Shared Resources/PIW PSW Timesheets","IWF\PCrowder","FullAccess"
"iwf.com.au/PRG/Shared Resources/PIW PSW Timesheets","IWF\MBS - PIW PSW Timesheets - FA","FullAccess"
"iwf.com.au/PRG/Shared Resources/PIW PSW Timesheets","S-1-5-21-858237349-4279645165-3005076073-199617","FullAccess"
"iwf.com.au/PRG/Shared Resources/PIW PSW Timesheets","S-1-5-21-858237349-4279645165-3005076073-200009","FullAccess"
"iwf.com.au/PRG/Shared Resources/PIW PSW Timesheets","S-1-5-21-858237349-4279645165-3005076073-200075","FullAccess"
"iwf.com.au/PRG/Shared Resources/PIW PSW Timesheets","S-1-5-21-858237349-4279645165-3005076073-214611","FullAccess"
"iwf.com.au/PRG/Shared Resources/PIW PSW Timesheets","IWF\patrick.haase","FullAccess"
"iwf.com.au/PRG/Shared Resources/PIW PSW Timesheets","S-1-5-21-858237349-4279645165-3005076073-232236","FullAccess"
"iwf.com.au/PRG/Shared Resources/PIW PSW Timesheets","IWF\Brady.Scott","FullAccess"
"iwf.com.au/PRG/Shared Resources/PIW PSW Timesheets","S-1-5-21-858237349-4279645165-3005076073-232514","FullAccess"
"iwf.com.au/PRG/Shared Resources/PIW PSW Timesheets","S-1-5-21-858237349-4279645165-3005076073-234840","FullAccess"
"iwf.com.au/PRG/Shared Resources/PIW PSW Timesheets","IWF\Simone.Black","FullAccess"
"iwf.com.au/PRG/Shared Resources/PIW PSW Timesheets","S-1-5-21-858237349-4279645165-3005076073-247132","FullAccess"
"iwf.com.au/PRG/Shared Resources/PIW PSW Timesheets","IWF\John.Borrinaga","FullAccess"
"iwf.com.au/PRG/Shared Resources/PIW PSW Timesheets","S-1-5-21-858237349-4279645165-3005076073-247714","FullAccess"
"iwf.com.au/PRG/Shared Resources/PIW PSW Timesheets","S-1-5-21-858237349-4279645165-3005076073-248283","FullAccess"
"iwf.com.au/PRG/Shared Resources/PIW PSW Timesheets","S-1-5-21-858237349-4279645165-3005076073-248713","FullAccess"
"iwf.com.au/PRG/Shared Resources/PIW PSW Timesheets","S-1-5-21-858237349-4279645165-3005076073-249313","FullAccess"
"iwf.com.au/PRG/Shared Resources/PIW PSW Timesheets","S-1-5-21-858237349-4279645165-3005076073-249502","FullAccess"
"iwf.com.au/PRG/Shared Resources/PIW PSW Timesheets","S-1-5-21-858237349-4279645165-3005076073-249600","FullAccess"
"iwf.com.au/PRG/Shared Resources/PIW PSW Timesheets","S-1-5-21-858237349-4279645165-3005076073-249668","FullAccess"
"iwf.com.au/PRG/Shared Resources/PIW PSW Timesheets","S-1-5-21-858237349-4279645165-3005076073-249714","FullAccess"
"iwf.com.au/PRG/Shared Resources/PIW PSW Timesheets","S-1-5-21-858237349-4279645165-3005076073-255409","FullAccess"
"iwf.com.au/PRG/Shared Resources/PIW PSW Timesheets","S-1-5-21-858237349-4279645165-3005076073-255561","FullAccess"
"iwf.com.au/PRG/Shared Resources/PIW PSW Timesheets","IWF\Lei.Meng","FullAccess"
"iwf.com.au/PRG/Shared Resources/PIW PSW Timesheets","S-1-5-21-858237349-4279645165-3005076073-255812","FullAccess"
"iwf.com.au/PRG/Shared Resources/PIW PSW Timesheets","IWF\SowSam.Kan","FullAccess"
"iwf.com.au/PRG/Shared Resources/PIW PSW Timesheets","IWF\Fiona.Tan","FullAccess"
"iwf.com.au/PRG/Shared Resources/PIW PSW Timesheets","IWF\Yamuna.Muniandy","FullAccess"
"iwf.com.au/PRG/Shared Resources/PIW PSW Timesheets","S-1-5-21-858237349-4279645165-3005076073-255902","FullAccess"
"iwf.com.au/PRG/Shared Resources/PIW PSW Timesheets","IWF\Danasri.Ravi","FullAccess"
"iwf.com.au/PRG/Shared Resources/PIW PSW Timesheets","S-1-5-21-858237349-4279645165-3005076073-255904","FullAccess"
"iwf.com.au/PRG/Shared Resources/PIW PSW Timesheets","IWF\ChiRong.Chang","FullAccess"
"iwf.com.au/PRG/Shared Resources/PIW PSW Timesheets","IWF\Yaathra.Vijayasundra","FullAccess"
"iwf.com.au/PRG/Shared Resources/PIW PSW Timesheets","IWF\Pravinkumar.Armoham","FullAccess"
"iwf.com.au/PRG/Shared Resources/PIW PSW Timesheets","S-1-5-21-858237349-4279645165-3005076073-255908","FullAccess"
"iwf.com.au/PRG/Shared Resources/PIW PSW Timesheets","S-1-5-21-858237349-4279645165-3005076073-255909","FullAccess"
"iwf.com.au/PRG/Shared Resources/PIW PSW Timesheets","S-1-5-21-858237349-4279645165-3005076073-255911","FullAccess"
"iwf.com.au/PRG/Shared Resources/PIW PSW Timesheets","IWF\Lindy.Tan","FullAccess"
"iwf.com.au/PRG/Shared Resources/PIW PSW Timesheets","IWF\Hazel.NorHashim","FullAccess"
"iwf.com.au/PRG/Shared Resources/PIW PSW Timesheets","IWF\Iffah.Alias","FullAccess"
"iwf.com.au/PRG/Shared Resources/PIW PSW Timesheets","IWF\Nesh.Gnyanaselvam","FullAccess"
"iwf.com.au/PRG/Shared Resources/PIW PSW Timesheets","IWF\Rachel.ThavamanyDepa","FullAccess"
"iwf.com.au/PRG/Shared Resources/PIW PSW Timesheets","S-1-5-21-858237349-4279645165-3005076073-256584","FullAccess"
"iwf.com.au/PRG/Shared Resources/PIW PSW Timesheets","S-1-5-21-858237349-4279645165-3005076073-257646","FullAccess"
"iwf.com.au/PRG/Shared Resources/PIW PSW Timesheets","IWF\Lenny.Lenny","FullAccess"
"iwf.com.au/PRG/Shared Resources/PIW PSW Timesheets","S-1-5-21-858237349-4279645165-3005076073-259722","FullAccess"
"iwf.com.au/PRG/Shared Resources/PIW PSW Timesheets","S-1-5-21-858237349-4279645165-3005076073-260022","FullAccess"
"iwf.com.au/PRG/Shared Resources/PIW PSW Timesheets","S-1-5-21-858237349-4279645165-3005076073-260508","FullAccess"
"iwf.com.au/PRG/Shared Resources/PIW PSW Timesheets","IWF\Christy.Lim","FullAccess"
"iwf.com.au/PRG/Shared Resources/PIW PSW Timesheets","IWF\Jeremie.Chai","FullAccess"
"iwf.com.au/PRG/Shared Resources/PIW PSW Timesheets","IWF\Michelle.Ta","FullAccess"
"iwf.com.au/PRG/Shared Resources/PIW PSW Timesheets","IWF\Renae.Deacon","FullAccess"
"iwf.com.au/PRG/Shared Resources/PIW PSW Timesheets","IWF\Prabha.Elapatha","FullAccess"
"iwf.com.au/PRG/Shared Resources/PIW PSW Timesheets","IWF\SHEELA.JAMESRAJARETN","FullAccess"
"iwf.com.au/PRG/Shared Resources/PIW PSW Timesheets","IWF\GANESHVARMAA.ABIMANY","FullAccess"
"iwf.com.au/PRG/Shared Resources/PIW PSW Timesheets","IWF\KRYSTINA.RAYAPPAN","FullAccess"
"iwf.com.au/PRG/Shared Resources/PIW PSW Timesheets","IWF\UMAMAGESWARY.MUTHUSA","FullAccess"
"iwf.com.au/PRG/Shared Resources/PIW PSW Timesheets","S-1-5-21-858237349-4279645165-3005076073-262174","FullAccess"
"iwf.com.au/PRG/Shared Resources/PIW PSW Timesheets","IWF\JAZZMIN.HO","FullAccess"
"iwf.com.au/PRG/Shared Resources/PIW PSW Timesheets","IWF\CHARLOTTE.YAP","FullAccess"
"iwf.com.au/PRG/Shared Resources/PIW PSW Timesheets","S-1-5-21-858237349-4279645165-3005076073-262314","FullAccess"
"iwf.com.au/PRG/Shared Resources/PIW PSW Timesheets","S-1-5-21-858237349-4279645165-3005076073-262625","FullAccess"
"iwf.com.au/PRG/Shared Resources/PIW PSW Timesheets","S-1-5-21-858237349-4279645165-3005076073-262626","FullAccess"
"iwf.com.au/PRG/Shared Resources/PIW PSW Timesheets","IWF\CarynKek.GuekMay","FullAccess"
"iwf.com.au/PRG/Shared Resources/PIW PSW Timesheets","S-1-5-21-858237349-4279645165-3005076073-263025","FullAccess"
"iwf.com.au/PRG/Shared Resources/PIW PSW Timesheets","IWF\Rames.Perisamy","FullAccess"
"iwf.com.au/PRG/Shared Resources/PIW PSW Timesheets","IWF\Esther.Chan","FullAccess"
"iwf.com.au/PRG/Shared Resources/PIW PSW Timesheets","IWF\Raihan.MohdJumali","FullAccess"
"iwf.com.au/PRG/Shared Resources/PIW PSW Timesheets","IWF\KeeChung.Low","FullAccess"
"iwf.com.au/PRG/Shared Resources/PIW PSW Timesheets","IWF\Peter.Kambouris","FullAccess"
"iwf.com.au/PRG/Shared Resources/PIW PSW Timesheets","IWF\Test.Mailbox2022","FullAccess"
"iwf.com.au/PRG/Shared Resources/PIW PSW Timesheets","IWF\Rais.Ahmad","FullAccess"
"iwf.com.au/PRG/Shared Resources/PIW PSW Timesheets","S-1-5-21-858237349-4279645165-3005076073-263265","FullAccess"
"iwf.com.au/PRG/Shared Resources/PIW PSW Timesheets","IWF\Steven.Sierociak","FullAccess"
"iwf.com.au/PRG/Shared Resources/PIW PSW Timesheets","IWF\Armanda.Tan","FullAccess"
"iwf.com.au/PRG/Shared Resources/PIW PSW Timesheets","IWF\CarMen.Lim","FullAccess"
"iwf.com.au/PRG/Shared Resources/PIW PSW Timesheets","IWF\Valarmathi.Silvarajo","FullAccess"
"iwf.com.au/PRG/Shared Resources/PIW PSW Timesheets","IWF\Pravinn.Balakrishnan","FullAccess"
"iwf.com.au/PRG/Shared Resources/PIW PSW Timesheets","IWF\Rubina.MohdRafik","FullAccess"
"iwf.com.au/PRG/Shared Resources/PIW PSW Timesheets","IWF\Moganeswary.Narayana","FullAccess"
"iwf.com.au/PRG/Shared Resources/PIW PSW Timesheets","IWF\Syahirah.AhmadNasaru","FullAccess"
"iwf.com.au/PRG/Shared Resources/PIW PSW Timesheets","IWF\NuralyaFasihah.Moham","FullAccess"
"iwf.com.au/PRG/Shared Resources/PIW PSW Timesheets","S-1-5-21-858237349-4279645165-3005076073-267210","FullAccess"
"iwf.com.au/PRG/Shared Resources/PIW PSW Timesheets","IWF\Khir.AbuHassanShaari","FullAccess"
"iwf.com.au/PRG/Shared Resources/PIW PSW Timesheets","IWF\ZhiYao.Loke","FullAccess"
"iwf.com.au/PRG/Shared Resources/PIW PSW Timesheets","IWF\SiewYean.Lee","FullAccess"
"iwf.com.au/PRG/Shared Resources/PIW PSW Timesheets","IWF\Zulfahmi.NoorRashidi","FullAccess"
"iwf.com.au/PRG/Shared Resources/PPS Credit","IWF\Exchange Domain Servers","FullAccess"
"iwf.com.au/PRG/Shared Resources/PPS Credit","IWF\hmckenzie","FullAccess"
"iwf.com.au/PRG/Shared Resources/PPS Credit","S-1-5-21-858237349-4279645165-3005076073-52993","DeleteItem"
"iwf.com.au/PRG/Shared Resources/PPS Credit","S-1-5-21-858237349-4279645165-3005076073-53085","FullAccess"
"iwf.com.au/PRG/Shared Resources/PPS Credit","IWF\PPS Credit Sec","FullAccess"
"iwf.com.au/PRG/Shared Resources/PPS Credit","S-1-5-21-858237349-4279645165-3005076073-131964","FullAccess;DeleteItem"
"iwf.com.au/PRG/Shared Resources/PPS Credit","S-1-5-21-858237349-4279645165-3005076073-132078","FullAccess"
"iwf.com.au/PRG/Shared Resources/PPS Credit","S-1-5-21-858237349-4279645165-3005076073-133173","FullAccess;DeleteItem"
"iwf.com.au/PRG/Shared Resources/PPS Credit","S-1-5-21-858237349-4279645165-3005076073-133304","DeleteItem"
"iwf.com.au/PRG/Shared Resources/PPS Credit","IWF\pRavenscroft","FullAccess"
"iwf.com.au/PRG/Shared Resources/PPS Credit","S-1-5-21-858237349-4279645165-3005076073-136310","FullAccess"
"iwf.com.au/PRG/Shared Resources/PPS Credit","IWF\AKing","FullAccess"
"iwf.com.au/PRG/Shared Resources/PPS Credit","S-1-5-21-858237349-4279645165-3005076073-144501","FullAccess"
"iwf.com.au/PRG/Shared Resources/PPS Credit","S-1-5-21-858237349-4279645165-3005076073-156156","FullAccess"
"iwf.com.au/PRG/Shared Resources/PPS Credit","S-1-5-21-858237349-4279645165-3005076073-180319","FullAccess"
"iwf.com.au/PRG/Shared Resources/PPS Credit","S-1-5-21-858237349-4279645165-3005076073-184542","FullAccess"
"iwf.com.au/PRG/Shared Resources/PPS Credit","S-1-5-21-858237349-4279645165-3005076073-187928","FullAccess"
"iwf.com.au/PRG/Shared Resources/PPS Credit","IWF\Irene.Dunstan","FullAccess"
"iwf.com.au/PRG/Shared Resources/PPS Credit","IWF\Ioana.Okesene","FullAccess"
"iwf.com.au/PRG/Shared Resources/PPS Credit","IWF\AGoldsack","FullAccess"
"iwf.com.au/PRG/Shared Resources/PPS Credit","S-1-5-21-858237349-4279645165-3005076073-197999","FullAccess"
"iwf.com.au/PRG/Shared Resources/PPS Credit","IWF\MOgrady","FullAccess"
"iwf.com.au/PRG/Shared Resources/PPS Credit","S-1-5-21-858237349-4279645165-3005076073-246928","FullAccess"
"iwf.com.au/PRG/Shared Resources/PPS Credit","S-1-5-21-858237349-4279645165-3005076073-247095","FullAccess"
"iwf.com.au/PRG/Shared Resources/PPS Credit","IWF\Annabel.Gorman","FullAccess"
"iwf.com.au/PRG/Shared Resources/PPS Credit","S-1-5-21-858237349-4279645165-3005076073-249485","FullAccess"
"iwf.com.au/PRG/Shared Resources/PPS Credit","IWF\Meghana.Krishnan","FullAccess"
"iwf.com.au/PRG/Shared Resources/PPS Credit","S-1-5-21-858237349-4279645165-3005076073-252905","FullAccess"
"iwf.com.au/PRG/Shared Resources/PPS Credit","IWF\Jayde.Shaw-Trenouth","FullAccess"
"iwf.com.au/PRG/Shared Resources/Programmed Safety Accounts Payable","IWF\moleary","FullAccess"
"iwf.com.au/PRG/Shared Resources/Programmed Safety Accounts Payable","IWF\Accounts_AP","FullAccess"
"iwf.com.au/PRG/Shared Resources/Programmed Safety Accounts Payable","S-1-5-21-858237349-4279645165-3005076073-133495","FullAccess"
"iwf.com.au/PRG/Shared Resources/Programmed Safety Accounts Payable","S-1-5-21-858237349-4279645165-3005076073-140959","FullAccess"
"iwf.com.au/PRG/Shared Resources/Programmed Safety Accounts Payable","S-1-5-21-858237349-4279645165-3005076073-188709","FullAccess"
"iwf.com.au/PRG/Shared Resources/Programmed Safety Accounts Payable","S-1-5-21-858237349-4279645165-3005076073-228843","FullAccess"
"iwf.com.au/PRG/Shared Resources/Programmed Safety Accounts Payable","S-1-5-21-858237349-4279645165-3005076073-230192","FullAccess"
"iwf.com.au/PRG/Shared Resources/Programmed Safety Accounts Payable","S-1-5-21-858237349-4279645165-3005076073-243220","FullAccess"
"iwf.com.au/PRG/Shared Resources/Programmed Safety Accounts Payable","IWF\WeiYean.Yu","FullAccess"
"iwf.com.au/PRG/Shared Resources/Programmed Safety Accounts Payable","IWF\May.Yew","FullAccess"
"iwf.com.au/PRG/Shared Resources/Programmed Safety Accounts Payable","IWF\Nalini.Mogan","FullAccess"
"iwf.com.au/PRG/Shared Resources/Programmed Safety Accounts Payable","IWF\Kumaran.Ganesan","FullAccess"
"iwf.com.au/PRG/Shared Resources/Programmed Safety Accounts Payable","S-1-5-21-858237349-4279645165-3005076073-255922","FullAccess"
"iwf.com.au/PRG/Shared Resources/Programmed Safety Accounts Payable","S-1-5-21-858237349-4279645165-3005076073-255923","FullAccess"
"iwf.com.au/PRG/Shared Resources/Programmed Safety Accounts Payable","IWF\Miguel.Correia","FullAccess"
"iwf.com.au/PRG/Shared Resources/Programmed Safety Accounts Payable","IWF\Royston.SolomanGanes","FullAccess"
"iwf.com.au/PRG/Shared Resources/Programmed Safety Accounts Payable","IWF\Mazli.Muhammad","FullAccess"
"iwf.com.au/PRG/Shared Resources/Programmed Safety Accounts Payable","IWF\MUHAMMADAZZAM.MUTAZA","FullAccess"
"iwf.com.au/PRG/Shared Resources/Programmed Safety Accounts Payable","S-1-5-21-858237349-4279645165-3005076073-263159","FullAccess"
"iwf.com.au/PRG/Shared Resources/Programmed Safety Accounts Payable","IWF\Stephy.Goh","FullAccess"
"iwf.com.au/PRG/PFM/AU/NSW/Parramatta/Shared Mailboxes/UnitingCare Request","IWF\mcavill","FullAccess"
"iwf.com.au/PRG/PFM/AU/NSW/Parramatta/Shared Mailboxes/UnitingCare Request","IWF\JAdams","FullAccess"
"iwf.com.au/PRG/PFM/AU/NSW/Parramatta/Shared Mailboxes/UnitingCare Request","IWF\aPeters","FullAccess"
"iwf.com.au/PRG/PFM/AU/NSW/Parramatta/Shared Mailboxes/UnitingCare Request","S-1-5-21-858237349-4279645165-3005076073-140797","FullAccess"
"iwf.com.au/PRG/PFM/AU/NSW/Parramatta/Shared Mailboxes/UnitingCare Request","IWF\SDevaraj","FullAccess"
"iwf.com.au/PRG/PFM/AU/NSW/Parramatta/Shared Mailboxes/UnitingCare Request","IWF\PFM_NSW_UC","FullAccess"
"iwf.com.au/PRG/PFM/AU/NSW/Parramatta/Shared Mailboxes/UnitingCare Request","S-1-5-21-858237349-4279645165-3005076073-150214","FullAccess"
"iwf.com.au/PRG/PFM/AU/NSW/Parramatta/Shared Mailboxes/UnitingCare Request","S-1-5-21-858237349-4279645165-3005076073-150390","FullAccess"
"iwf.com.au/PRG/PFM/AU/NSW/Parramatta/Shared Mailboxes/UnitingCare Request","S-1-5-21-858237349-4279645165-3005076073-166698","FullAccess"
"iwf.com.au/PRG/PFM/AU/NSW/Parramatta/Shared Mailboxes/UnitingCare Request","IWF\PSalter","FullAccess"
"iwf.com.au/PRG/PFM/AU/NSW/Parramatta/Shared Mailboxes/UnitingCare Request","S-1-5-21-858237349-4279645165-3005076073-169909","FullAccess"
"iwf.com.au/PRG/PFM/AU/NSW/Parramatta/Shared Mailboxes/UnitingCare Request","S-1-5-21-858237349-4279645165-3005076073-170892","FullAccess"
"iwf.com.au/PRG/PFM/AU/NSW/Parramatta/Shared Mailboxes/UnitingCare Request","S-1-5-21-858237349-4279645165-3005076073-180102","FullAccess"
"iwf.com.au/PRG/PFM/AU/NSW/Parramatta/Shared Mailboxes/UnitingCare Request","IWF\Kelly.Stone","FullAccess"
"iwf.com.au/PRG/PFM/AU/NSW/Parramatta/Shared Mailboxes/UnitingCare Request","IWF\Glenn.Finnie","FullAccess"
"iwf.com.au/PRG/PFM/AU/NSW/Parramatta/Shared Mailboxes/UnitingCare Request","S-1-5-21-858237349-4279645165-3005076073-228805","FullAccess"
"iwf.com.au/PRG/PFM/AU/NSW/Parramatta/Shared Mailboxes/UnitingCare Request","S-1-5-21-858237349-4279645165-3005076073-230660","FullAccess"
"iwf.com.au/PRG/PFM/AU/NSW/Parramatta/Shared Mailboxes/UnitingCare Request","S-1-5-21-858237349-4279645165-3005076073-230914","FullAccess"
"iwf.com.au/PRG/PFM/AU/NSW/Parramatta/Shared Mailboxes/UnitingCare Request","IWF\Kavita.Aggarwal","FullAccess"
"iwf.com.au/PRG/PFM/AU/NSW/Parramatta/Shared Mailboxes/UnitingCare Request","S-1-5-21-858237349-4279645165-3005076073-249675","FullAccess"
"iwf.com.au/PRG/PFM/AU/NSW/Parramatta/Shared Mailboxes/UnitingCare Request","S-1-5-21-858237349-4279645165-3005076073-253007","FullAccess"
"iwf.com.au/PRG/PFM/AU/NSW/Parramatta/Shared Mailboxes/UnitingCare Request","IWF\Shalvi.Shekhar","FullAccess"
"iwf.com.au/PRG/PFM/AU/NSW/Parramatta/Shared Mailboxes/UnitingCare Request","IWF\Kevin.Abbas","FullAccess"
"iwf.com.au/PRG/PFM/AU/NSW/Parramatta/Shared Mailboxes/UnitingCare Request","IWF\Alexa.Moses","FullAccess"
"iwf.com.au/PRG/PFM/AU/NSW/Parramatta/Shared Mailboxes/UnitingCare Request","IWF\Kilberd.Thevathasan","FullAccess"
"iwf.com.au/PRG/PFM/AU/NSW/Parramatta/Shared Mailboxes/UnitingCare Request","IWF\Fairuz.Islam","FullAccess"
"iwf.com.au/PRG/PFM/AU/NSW/Parramatta/Shared Mailboxes/UnitingCare Request","IWF\Natalie.Spirovski","FullAccess"
"iwf.com.au/PRG/PFM/AU/NSW/Parramatta/Shared Mailboxes/UnitingCare Request","IWF\Pooja.Kumar","FullAccess"
"iwf.com.au/PRG/PFM/AU/NSW/Parramatta/Shared Mailboxes/UnitingCare Request","IWF\Cathy.Ding","FullAccess"
