"PSComputerName","RunspaceId","PSShowComputerName","DomainName","CatchAllRecipientID","DomainType","MatchSubDomains","AddressBookEnabled","Default","EmailOnly","ExternallyManaged","AuthenticationType","LiveIdInstanceType","PendingRemoval","PendingCompletion","FederatedOrganizationLink","MailFlowPartner","OutboundOnly","PendingFederatedAccountNamespace","PendingFederatedDomain","IsCoexistenceDomain","PerimeterDuplicateDetected","IsDefaultFederatedDomain","EnableNego2Authentication","InitialDomain","AdminDisplayName","ExchangeVersion","Name","DistinguishedName","Identity","Guid","ObjectCategory","ObjectClass","WhenChanged","WhenCreated","WhenChangedUTC","WhenCreatedUTC","OrganizationId","Id","OriginatingServer","IsValid","ObjectState"
"np1ex02.iwf.com.au","03c404ea-3a97-41b3-ad2d-289a1dc7751e","False","integrated.com.au",,"InternalRelay","False","True","False","False","False",,,"False","False","Federation",,"False","False","False","False","False","False","False","False","","0.1 (8.0.535.0)","integrated.com.au","CN=integrated.com.au,CN=Accepted Domains,CN=Transport Settings,CN=First Organization,CN=Microsoft Exchange,CN=Services,CN=Configuration,DC=iwf,DC=com,DC=au","integrated.com.au","cb0ea5a1-2f48-4dc2-98ca-912d2c0694b8","iwf.com.au/Configuration/Schema/ms-Exch-Accepted-Domain","Microsoft.Exchange.Data.MultiValuedProperty`1[System.String]","9/12/2019 1:54:46 PM","1/10/2011 9:23:35 AM","9/12/2019 5:54:46 AM","1/10/2011 1:23:35 AM","","integrated.com.au","NP1DC01.iwf.com.au","True","Unchanged"
"np1ex02.iwf.com.au","03c404ea-3a97-41b3-ad2d-289a1dc7751e","False","tungstengroup.com",,"InternalRelay","False","True","False","False","False",,,"False","False","Federation",,"False","False","False","False","False","False","False","False","","0.1 (8.0.535.0)","tungstengroup.com","CN=tungstengroup.com,CN=Accepted Domains,CN=Transport Settings,CN=First Organization,CN=Microsoft Exchange,CN=Services,CN=Configuration,DC=iwf,DC=com,DC=au","tungstengroup.com","ee3b9b9d-bc9a-4460-abf4-77c4af6a4309","iwf.com.au/Configuration/Schema/ms-Exch-Accepted-Domain","Microsoft.Exchange.Data.MultiValuedProperty`1[System.String]","9/12/2019 1:54:45 PM","1/10/2011 9:23:35 AM","9/12/2019 5:54:45 AM","1/10/2011 1:23:35 AM","","tungstengroup.com","NP1DC01.iwf.com.au","True","Unchanged"
"np1ex02.iwf.com.au","03c404ea-3a97-41b3-ad2d-289a1dc7751e","False","wendellgroup.co.nz",,"InternalRelay","False","True","False","False","False",,,"False","False",,,"False","False","False","False","False","False","False","False","","0.1 (8.0.535.0)","wendellgroup.co.nz","CN=wendellgroup.co.nz,CN=Accepted Domains,CN=Transport Settings,CN=First Organization,CN=Microsoft Exchange,CN=Services,CN=Configuration,DC=iwf,DC=com,DC=au","wendellgroup.co.nz","56f21a02-f3d4-462e-9062-1b65ecfd40af","iwf.com.au/Configuration/Schema/ms-Exch-Accepted-Domain","Microsoft.Exchange.Data.MultiValuedProperty`1[System.String]","4/12/2019 3:02:00 PM","1/10/2011 9:23:36 AM","4/12/2019 7:02:00 AM","1/10/2011 1:23:36 AM","","wendellgroup.co.nz","NP1DC01.iwf.com.au","True","Unchanged"
"np1ex02.iwf.com.au","03c404ea-3a97-41b3-ad2d-289a1dc7751e","False","serco-au.com.au",,"InternalRelay","False","True","False","False","False",,,"False","False",,,"False","False","False","False","False","False","False","False","","0.1 (8.0.535.0)","serco-au.com.au","CN=serco-au.com.au,CN=Accepted Domains,CN=Transport Settings,CN=First Organization,CN=Microsoft Exchange,CN=Services,CN=Configuration,DC=iwf,DC=com,DC=au","serco-au.com.au","5723bfa7-9d6b-462d-88c8-576eab73e6e6","iwf.com.au/Configuration/Schema/ms-Exch-Accepted-Domain","Microsoft.Exchange.Data.MultiValuedProperty`1[System.String]","5/10/2018 2:21:41 AM","1/10/2011 9:23:36 AM","4/10/2018 6:21:41 PM","1/10/2011 1:23:36 AM","","serco-au.com.au","NP1DC01.iwf.com.au","True","Unchanged"
"np1ex02.iwf.com.au","03c404ea-3a97-41b3-ad2d-289a1dc7751e","False","tmsasia.com.sg",,"InternalRelay","False","True","False","False","False",,,"False","False","Federation",,"False","False","False","False","False","False","False","False","","0.1 (8.0.535.0)","tmsasia.com.sg","CN=tmsasia.com.sg,CN=Accepted Domains,CN=Transport Settings,CN=First Organization,CN=Microsoft Exchange,CN=Services,CN=Configuration,DC=iwf,DC=com,DC=au","tmsasia.com.sg","fe7065f8-81e9-4043-923b-d5196aa5949e","iwf.com.au/Configuration/Schema/ms-Exch-Accepted-Domain","Microsoft.Exchange.Data.MultiValuedProperty`1[System.String]","9/12/2019 1:54:45 PM","1/10/2011 9:23:36 AM","9/12/2019 5:54:45 AM","1/10/2011 1:23:36 AM","","tmsasia.com.sg","NP1DC01.iwf.com.au","True","Unchanged"
"np1ex02.iwf.com.au","03c404ea-3a97-41b3-ad2d-289a1dc7751e","False","genesisrecruitment.com.au",,"InternalRelay","False","True","False","False","False",,,"False","False","Federation",,"False","False","False","False","False","False","False","False","","0.1 (8.0.535.0)","genesisrecruitment.com.au","CN=genesisrecruitment.com.au,CN=Accepted Domains,CN=Transport Settings,CN=First Organization,CN=Microsoft Exchange,CN=Services,CN=Configuration,DC=iwf,DC=com,DC=au","genesisrecruitment.com.au","9f1cada6-5d63-4136-8141-6180a8e02778","iwf.com.au/Configuration/Schema/ms-Exch-Accepted-Domain","Microsoft.Exchange.Data.MultiValuedProperty`1[System.String]","9/12/2019 1:54:44 PM","1/10/2011 9:23:37 AM","9/12/2019 5:54:44 AM","1/10/2011 1:23:37 AM","","genesisrecruitment.com.au","NP1DC01.iwf.com.au","True","Unchanged"
"np1ex02.iwf.com.au","03c404ea-3a97-41b3-ad2d-289a1dc7751e","False","deepnautic.com",,"InternalRelay","False","True","False","False","False",,,"False","False","Federation",,"False","False","False","False","False","False","False","False","","0.1 (8.0.535.0)","deepnautic.com","CN=deepnautic.com,CN=Accepted Domains,CN=Transport Settings,CN=First Organization,CN=Microsoft Exchange,CN=Services,CN=Configuration,DC=iwf,DC=com,DC=au","deepnautic.com","b2d66a4d-7404-4aee-a241-02799a02cf26","iwf.com.au/Configuration/Schema/ms-Exch-Accepted-Domain","Microsoft.Exchange.Data.MultiValuedProperty`1[System.String]","4/12/2019 4:25:25 PM","1/10/2011 9:23:37 AM","4/12/2019 8:25:25 AM","1/10/2011 1:23:37 AM","","deepnautic.com","NP1DC01.iwf.com.au","True","Unchanged"
"np1ex02.iwf.com.au","03c404ea-3a97-41b3-ad2d-289a1dc7751e","False","intgroup.co.nz",,"InternalRelay","False","True","False","False","False",,,"False","False","Federation",,"False","False","False","False","False","False","False","False","","0.1 (8.0.535.0)","intgroup.co.nz","CN=intgroup.co.nz,CN=Accepted Domains,CN=Transport Settings,CN=First Organization,CN=Microsoft Exchange,CN=Services,CN=Configuration,DC=iwf,DC=com,DC=au","intgroup.co.nz","ea3ce120-9bd8-4214-9bc8-7bf57cf887d3","iwf.com.au/Configuration/Schema/ms-Exch-Accepted-Domain","Microsoft.Exchange.Data.MultiValuedProperty`1[System.String]","9/12/2019 1:54:43 PM","1/10/2011 9:23:37 AM","9/12/2019 5:54:43 AM","1/10/2011 1:23:37 AM","","intgroup.co.nz","NP1DC01.iwf.com.au","True","Unchanged"
"np1ex02.iwf.com.au","03c404ea-3a97-41b3-ad2d-289a1dc7751e","False","whittlepaintinggroup.co.uk",,"InternalRelay","False","True","False","False","False",,,"False","False",,,"False","False","False","False","False","False","False","False","","0.1 (8.0.535.0)","whittlepaintinggroup.co.uk","CN=whittlepaintinggroup.co.uk,CN=Accepted Domains,CN=Transport Settings,CN=First Organization,CN=Microsoft Exchange,CN=Services,CN=Configuration,DC=iwf,DC=com,DC=au","whittlepaintinggroup.co.uk","fa1ee715-d401-4c29-b97e-c24bc6639979","iwf.com.au/Configuration/Schema/ms-Exch-Accepted-Domain","Microsoft.Exchange.Data.MultiValuedProperty`1[System.String]","5/10/2018 2:21:41 AM","1/10/2011 9:23:38 AM","4/10/2018 6:21:41 PM","1/10/2011 1:23:38 AM","","whittlepaintinggroup.co.uk","NP1DC01.iwf.com.au","True","Unchanged"
"np1ex02.iwf.com.au","03c404ea-3a97-41b3-ad2d-289a1dc7751e","False","programmedgroup.co.uk",,"InternalRelay","False","True","False","False","False",,,"False","False","Federation",,"False","False","False","False","False","False","False","False","","0.1 (8.0.535.0)","programmedgroup.co.uk","CN=programmedgroup.co.uk,CN=Accepted Domains,CN=Transport Settings,CN=First Organization,CN=Microsoft Exchange,CN=Services,CN=Configuration,DC=iwf,DC=com,DC=au","programmedgroup.co.uk","9371cb46-890a-47be-ac08-b501379e42b5","iwf.com.au/Configuration/Schema/ms-Exch-Accepted-Domain","Microsoft.Exchange.Data.MultiValuedProperty`1[System.String]","9/12/2019 1:54:43 PM","1/10/2011 9:23:38 AM","9/12/2019 5:54:43 AM","1/10/2011 1:23:38 AM","","programmedgroup.co.uk","NP1DC01.iwf.com.au","True","Unchanged"
"np1ex02.iwf.com.au","03c404ea-3a97-41b3-ad2d-289a1dc7751e","False","Stafflink.co.nz",,"InternalRelay","False","True","False","False","False",,,"False","False","Federation",,"False","False","False","False","False","False","False","False","","0.1 (8.0.535.0)","Stafflink.co.nz","CN=Stafflink.co.nz,CN=Accepted Domains,CN=Transport Settings,CN=First Organization,CN=Microsoft Exchange,CN=Services,CN=Configuration,DC=iwf,DC=com,DC=au","Stafflink.co.nz","9469dfee-1520-4798-899f-b3e91be40bad","iwf.com.au/Configuration/Schema/ms-Exch-Accepted-Domain","Microsoft.Exchange.Data.MultiValuedProperty`1[System.String]","9/12/2019 1:54:42 PM","1/10/2011 9:23:38 AM","9/12/2019 5:54:42 AM","1/10/2011 1:23:38 AM","","Stafflink.co.nz","NP1DC01.iwf.com.au","True","Unchanged"
"np1ex02.iwf.com.au","03c404ea-3a97-41b3-ad2d-289a1dc7751e","False","swg.com.au",,"InternalRelay","False","True","False","False","False",,,"False","False","Federation",,"False","False","False","False","False","False","False","False","","0.1 (8.0.535.0)","swg.com.au","CN=swg.com.au,CN=Accepted Domains,CN=Transport Settings,CN=First Organization,CN=Microsoft Exchange,CN=Services,CN=Configuration,DC=iwf,DC=com,DC=au","swg.com.au","33743d0c-680c-4bc0-83ef-290a81497297","iwf.com.au/Configuration/Schema/ms-Exch-Accepted-Domain","Microsoft.Exchange.Data.MultiValuedProperty`1[System.String]","9/12/2019 1:54:41 PM","1/10/2011 9:23:39 AM","9/12/2019 5:54:41 AM","1/10/2011 1:23:39 AM","","swg.com.au","NP1DC01.iwf.com.au","True","Unchanged"
"np1ex02.iwf.com.au","03c404ea-3a97-41b3-ad2d-289a1dc7751e","False","13lma.com.au",,"InternalRelay","False","True","False","False","False",,,"False","False",,,"False","False","False","False","False","False","False","False","","0.1 (8.0.535.0)","13lma.com.au","CN=13lma.com.au,CN=Accepted Domains,CN=Transport Settings,CN=First Organization,CN=Microsoft Exchange,CN=Services,CN=Configuration,DC=iwf,DC=com,DC=au","13lma.com.au","2a93a362-8d81-4d36-8e1c-9ae4abc624e2","iwf.com.au/Configuration/Schema/ms-Exch-Accepted-Domain","Microsoft.Exchange.Data.MultiValuedProperty`1[System.String]","5/10/2018 2:21:41 AM","1/10/2011 9:23:39 AM","4/10/2018 6:21:41 PM","1/10/2011 1:23:39 AM","","13lma.com.au","NP1DC01.iwf.com.au","True","Unchanged"
"np1ex02.iwf.com.au","03c404ea-3a97-41b3-ad2d-289a1dc7751e","False","13lma.co.nz",,"InternalRelay","False","True","False","False","False",,,"False","False",,,"False","False","False","False","False","False","False","False","","0.1 (8.0.535.0)","13lma.co.nz","CN=13lma.co.nz,CN=Accepted Domains,CN=Transport Settings,CN=First Organization,CN=Microsoft Exchange,CN=Services,CN=Configuration,DC=iwf,DC=com,DC=au","13lma.co.nz","5d9f7ccd-8413-4f0d-addd-40549ada6eed","iwf.com.au/Configuration/Schema/ms-Exch-Accepted-Domain","Microsoft.Exchange.Data.MultiValuedProperty`1[System.String]","5/10/2018 2:21:41 AM","1/10/2011 9:23:40 AM","4/10/2018 6:21:41 PM","1/10/2011 1:23:40 AM","","13lma.co.nz","NP1DC01.iwf.com.au","True","Unchanged"
"np1ex02.iwf.com.au","03c404ea-3a97-41b3-ad2d-289a1dc7751e","False","swiftrecruitment.com.au",,"InternalRelay","False","True","False","False","False",,,"False","False","Federation",,"False","False","False","False","False","False","False","False","","0.1 (8.0.535.0)","swiftrecruitment.com.au","CN=swiftrecruitment.com.au,CN=Accepted Domains,CN=Transport Settings,CN=First Organization,CN=Microsoft Exchange,CN=Services,CN=Configuration,DC=iwf,DC=com,DC=au","swiftrecruitment.com.au","a7d1aed1-d2c4-42f9-819f-69de1f298301","iwf.com.au/Configuration/Schema/ms-Exch-Accepted-Domain","Microsoft.Exchange.Data.MultiValuedProperty`1[System.String]","9/12/2019 1:54:41 PM","1/10/2011 9:23:40 AM","9/12/2019 5:54:41 AM","1/10/2011 1:23:40 AM","","swiftrecruitment.com.au","NP1DC01.iwf.com.au","True","Unchanged"
"np1ex02.iwf.com.au","03c404ea-3a97-41b3-ad2d-289a1dc7751e","False","klmgroup.com.au",,"InternalRelay","False","True","False","False","False",,,"False","False","Federation",,"False","False","False","False","False","False","False","False","","0.1 (8.0.535.0)","klmgroup.com.au","CN=klmgroup.com.au,CN=Accepted Domains,CN=Transport Settings,CN=First Organization,CN=Microsoft Exchange,CN=Services,CN=Configuration,DC=iwf,DC=com,DC=au","klmgroup.com.au","59b6b409-87e0-46e4-9cd9-d6a4fc0a4e2e","iwf.com.au/Configuration/Schema/ms-Exch-Accepted-Domain","Microsoft.Exchange.Data.MultiValuedProperty`1[System.String]","9/12/2019 1:54:40 PM","1/10/2011 9:23:41 AM","9/12/2019 5:54:40 AM","1/10/2011 1:23:41 AM","","klmgroup.com.au","NP1DC01.iwf.com.au","True","Unchanged"
"np1ex02.iwf.com.au","03c404ea-3a97-41b3-ad2d-289a1dc7751e","False","kwmc.com.au",,"InternalRelay","False","True","False","False","False",,,"False","False","Federation",,"False","False","False","False","False","False","False","False","","0.1 (8.0.535.0)","kwmc.com.au","CN=kwmc.com.au,CN=Accepted Domains,CN=Transport Settings,CN=First Organization,CN=Microsoft Exchange,CN=Services,CN=Configuration,DC=iwf,DC=com,DC=au","kwmc.com.au","3e3ee4db-90bc-4021-878b-68acdc2891f4","iwf.com.au/Configuration/Schema/ms-Exch-Accepted-Domain","Microsoft.Exchange.Data.MultiValuedProperty`1[System.String]","9/12/2019 1:54:39 PM","1/10/2011 9:23:41 AM","9/12/2019 5:54:39 AM","1/10/2011 1:23:41 AM","","kwmc.com.au","NP1DC01.iwf.com.au","True","Unchanged"
"np1ex02.iwf.com.au","03c404ea-3a97-41b3-ad2d-289a1dc7751e","False","allied.com.au",,"InternalRelay","False","True","False","False","False",,,"False","False","Federation",,"False","False","False","False","False","False","False","False","","0.1 (8.0.535.0)","allied.com.au","CN=allied.com.au,CN=Accepted Domains,CN=Transport Settings,CN=First Organization,CN=Microsoft Exchange,CN=Services,CN=Configuration,DC=iwf,DC=com,DC=au","allied.com.au","cc5617f5-827a-4214-a12d-c28f4660afac","iwf.com.au/Configuration/Schema/ms-Exch-Accepted-Domain","Microsoft.Exchange.Data.MultiValuedProperty`1[System.String]","4/12/2019 4:25:22 PM","1/10/2011 9:23:41 AM","4/12/2019 8:25:22 AM","1/10/2011 1:23:41 AM","","allied.com.au","NP1DC01.iwf.com.au","True","Unchanged"
"np1ex02.iwf.com.au","03c404ea-3a97-41b3-ad2d-289a1dc7751e","False","northeastelectrical.com.au",,"InternalRelay","False","True","False","False","False",,,"False","False","Federation",,"False","False","False","False","False","False","False","False","","0.1 (8.0.535.0)","northeastelectrical.com.au","CN=northeastelectrical.com.au,CN=Accepted Domains,CN=Transport Settings,CN=First Organization,CN=Microsoft Exchange,CN=Services,CN=Configuration,DC=iwf,DC=com,DC=au","northeastelectrical.com.au","9a6a4198-bb9c-4d87-9032-d8338339dd8d","iwf.com.au/Configuration/Schema/ms-Exch-Accepted-Domain","Microsoft.Exchange.Data.MultiValuedProperty`1[System.String]","9/12/2019 1:54:39 PM","1/10/2011 9:23:41 AM","9/12/2019 5:54:39 AM","1/10/2011 1:23:41 AM","","northeastelectrical.com.au","NP1DC01.iwf.com.au","True","Unchanged"
"np1ex02.iwf.com.au","03c404ea-3a97-41b3-ad2d-289a1dc7751e","False","133lma.com.au",,"InternalRelay","False","True","False","False","False",,,"False","False","Federation",,"False","False","False","False","False","False","False","False","","0.1 (8.0.535.0)","133lma.com.au","CN=133lma.com.au,CN=Accepted Domains,CN=Transport Settings,CN=First Organization,CN=Microsoft Exchange,CN=Services,CN=Configuration,DC=iwf,DC=com,DC=au","133lma.com.au","12e3015d-cb24-46af-be31-aac98dff4090","iwf.com.au/Configuration/Schema/ms-Exch-Accepted-Domain","Microsoft.Exchange.Data.MultiValuedProperty`1[System.String]","4/12/2019 4:25:21 PM","1/10/2011 9:23:42 AM","4/12/2019 8:25:21 AM","1/10/2011 1:23:42 AM","","133lma.com.au","NP1DC01.iwf.com.au","True","Unchanged"
"np1ex02.iwf.com.au","03c404ea-3a97-41b3-ad2d-289a1dc7751e","False","intgroup.com.au",,"InternalRelay","False","True","False","False","False",,,"False","False","Federation",,"False","False","False","False","False","False","False","False","","0.1 (8.0.535.0)","intgroup.com.au","CN=intgroup.com.au,CN=Accepted Domains,CN=Transport Settings,CN=First Organization,CN=Microsoft Exchange,CN=Services,CN=Configuration,DC=iwf,DC=com,DC=au","intgroup.com.au","39b996b7-efed-4a80-84a4-91ede8bb6f5e","iwf.com.au/Configuration/Schema/ms-Exch-Accepted-Domain","Microsoft.Exchange.Data.MultiValuedProperty`1[System.String]","9/12/2019 1:54:38 PM","1/10/2011 9:23:35 AM","9/12/2019 5:54:38 AM","1/10/2011 1:23:35 AM","","intgroup.com.au","NP1DC01.iwf.com.au","True","Unchanged"
"np1ex02.iwf.com.au","03c404ea-3a97-41b3-ad2d-289a1dc7751e","False","ledld.com.au",,"InternalRelay","False","True","False","False","False",,,"False","False",,,"False","False","False","False","False","False","False","False","","0.1 (8.0.535.0)","ledld.com.au","CN=ledld.com.au,CN=Accepted Domains,CN=Transport Settings,CN=First Organization,CN=Microsoft Exchange,CN=Services,CN=Configuration,DC=iwf,DC=com,DC=au","ledld.com.au","25ea3c81-33fd-4b56-91a5-70e34ce155f0","iwf.com.au/Configuration/Schema/ms-Exch-Accepted-Domain","Microsoft.Exchange.Data.MultiValuedProperty`1[System.String]","5/10/2018 2:21:41 AM","17/01/2012 8:49:06 AM","4/10/2018 6:21:41 PM","17/01/2012 12:49:06 AM","","ledld.com.au","NP1DC01.iwf.com.au","True","Unchanged"
"np1ex02.iwf.com.au","03c404ea-3a97-41b3-ad2d-289a1dc7751e","False","qolit.com.au",,"InternalRelay","False","True","False","False","False",,,"False","False","Federation",,"False","False","False","False","False","False","False","False","","0.1 (8.0.535.0)","qolit.com.au","CN=qolit.com.au,CN=Accepted Domains,CN=Transport Settings,CN=First Organization,CN=Microsoft Exchange,CN=Services,CN=Configuration,DC=iwf,DC=com,DC=au","qolit.com.au","76a94b23-1c15-4d88-8288-a35f09a17d30","iwf.com.au/Configuration/Schema/ms-Exch-Accepted-Domain","Microsoft.Exchange.Data.MultiValuedProperty`1[System.String]","9/12/2019 1:54:37 PM","19/01/2012 12:40:45 PM","9/12/2019 5:54:37 AM","19/01/2012 4:40:45 AM","","qolit.com.au","NP1DC01.iwf.com.au","True","Unchanged"
"np1ex02.iwf.com.au","03c404ea-3a97-41b3-ad2d-289a1dc7751e","False","workforceontap.com.au",,"InternalRelay","False","True","False","False","False",,,"False","False","Federation",,"False","False","False","False","False","False","False","False","","0.1 (8.0.535.0)","workforceontap.com.au","CN=workforceontap.com.au,CN=Accepted Domains,CN=Transport Settings,CN=First Organization,CN=Microsoft Exchange,CN=Services,CN=Configuration,DC=iwf,DC=com,DC=au","workforceontap.com.au","746ed240-48a0-49d8-813d-027028effad0","iwf.com.au/Configuration/Schema/ms-Exch-Accepted-Domain","Microsoft.Exchange.Data.MultiValuedProperty`1[System.String]","9/12/2019 1:54:37 PM","30/01/2012 9:06:23 AM","9/12/2019 5:54:37 AM","30/01/2012 1:06:23 AM","","workforceontap.com.au","NP1DC01.iwf.com.au","True","Unchanged"
"np1ex02.iwf.com.au","03c404ea-3a97-41b3-ad2d-289a1dc7751e","False","programmed.com.sg",,"InternalRelay","False","True","False","False","False",,,"False","False","Federation",,"False","False","False","False","False","False","False","False","","0.1 (8.0.535.0)","programmed.com.sg","CN=programmed.com.sg,CN=Accepted Domains,CN=Transport Settings,CN=First Organization,CN=Microsoft Exchange,CN=Services,CN=Configuration,DC=iwf,DC=com,DC=au","programmed.com.sg","d280a11a-e1ff-41fb-b05c-15deaf2a162d","iwf.com.au/Configuration/Schema/ms-Exch-Accepted-Domain","Microsoft.Exchange.Data.MultiValuedProperty`1[System.String]","9/12/2019 1:54:36 PM","30/01/2012 1:47:48 PM","9/12/2019 5:54:36 AM","30/01/2012 5:47:48 AM","","programmed.com.sg","NP1DC01.iwf.com.au","True","Unchanged"
"np1ex02.iwf.com.au","03c404ea-3a97-41b3-ad2d-289a1dc7751e","False","turnpoint.com.au",,"InternalRelay","False","True","False","False","False",,,"False","False","Federation",,"False","False","False","False","False","False","False","False","","0.1 (8.0.535.0)","turnpoint.com.au","CN=turnpoint.com.au,CN=Accepted Domains,CN=Transport Settings,CN=First Organization,CN=Microsoft Exchange,CN=Services,CN=Configuration,DC=iwf,DC=com,DC=au","turnpoint.com.au","3993c2ec-38e5-41bd-b51e-9647d4cfe27a","iwf.com.au/Configuration/Schema/ms-Exch-Accepted-Domain","Microsoft.Exchange.Data.MultiValuedProperty`1[System.String]","9/12/2019 1:54:35 PM","15/06/2012 4:27:48 PM","9/12/2019 5:54:35 AM","15/06/2012 8:27:48 AM","","turnpoint.com.au","NP1DC01.iwf.com.au","True","Unchanged"
"np1ex02.iwf.com.au","03c404ea-3a97-41b3-ad2d-289a1dc7751e","False","ecoresignagesystems.com.au",,"InternalRelay","False","True","False","False","False",,,"False","False","Federation",,"False","False","False","False","False","False","False","False","","0.1 (8.0.535.0)","ecoresignagesystems.com.au","CN=ecoresignagesystems.com.au,CN=Accepted Domains,CN=Transport Settings,CN=First Organization,CN=Microsoft Exchange,CN=Services,CN=Configuration,DC=iwf,DC=com,DC=au","ecoresignagesystems.com.au","a853e73b-7d7e-41df-aab4-55a1d5210ef1","iwf.com.au/Configuration/Schema/ms-Exch-Accepted-Domain","Microsoft.Exchange.Data.MultiValuedProperty`1[System.String]","9/12/2019 1:54:35 PM","2/01/2014 1:46:57 PM","9/12/2019 5:54:35 AM","2/01/2014 5:46:57 AM","","ecoresignagesystems.com.au","NP1DC01.iwf.com.au","True","Unchanged"
"np1ex02.iwf.com.au","03c404ea-3a97-41b3-ad2d-289a1dc7751e","False","intgroup.mail.onmicrosoft.com",,"InternalRelay","False","True","False","False","False",,,"False","False",,,"False","False","False","False","False","False","False","False","","0.1 (8.0.535.0)","intgroup.mail.onmicrosoft.com","CN=intgroup.mail.onmicrosoft.com,CN=Accepted Domains,CN=Transport Settings,CN=First Organization,CN=Microsoft Exchange,CN=Services,CN=Configuration,DC=iwf,DC=com,DC=au","intgroup.mail.onmicrosoft.com","8a1ec88a-61bc-40e4-ad36-c8b22a8c496e","iwf.com.au/Configuration/Schema/ms-Exch-Accepted-Domain","Microsoft.Exchange.Data.MultiValuedProperty`1[System.String]","5/10/2018 2:21:41 AM","13/10/2014 5:14:51 PM","4/10/2018 6:21:41 PM","13/10/2014 9:14:51 AM","","intgroup.mail.onmicrosoft.com","NP1DC01.iwf.com.au","True","Unchanged"
"np1ex02.iwf.com.au","03c404ea-3a97-41b3-ad2d-289a1dc7751e","False","staff.programmed.com.au",,"InternalRelay","False","True","False","False","False",,,"False","False","Federation",,"False","True","False","False","False","False","False","False","","0.1 (8.0.535.0)","staff.programmed.com.au","CN=staff.programmed.com.au,CN=Accepted Domains,CN=Transport Settings,CN=First Organization,CN=Microsoft Exchange,CN=Services,CN=Configuration,DC=iwf,DC=com,DC=au","staff.programmed.com.au","0c107f3d-f7f4-46c8-9ad4-60ac9abfcf8a","iwf.com.au/Configuration/Schema/ms-Exch-Accepted-Domain","Microsoft.Exchange.Data.MultiValuedProperty`1[System.String]","2/05/2020 9:15:58 PM","12/09/2014 12:51:36 PM","2/05/2020 1:15:58 PM","12/09/2014 4:51:36 AM","","staff.programmed.com.au","NP1DC01.iwf.com.au","True","Unchanged"
"np1ex02.iwf.com.au","03c404ea-3a97-41b3-ad2d-289a1dc7751e","False","programmed.com.au",,"InternalRelay","False","True","True","False","False",,,"False","False","Federation",,"False","False","False","False","False","True","False","False","","0.1 (8.0.535.0)","programmed.com.au","CN=programmed.com.au,CN=Accepted Domains,CN=Transport Settings,CN=First Organization,CN=Microsoft Exchange,CN=Services,CN=Configuration,DC=iwf,DC=com,DC=au","programmed.com.au","e52be754-9513-48f4-a187-eb4da6ae0301","iwf.com.au/Configuration/Schema/ms-Exch-Accepted-Domain","Microsoft.Exchange.Data.MultiValuedProperty`1[System.String]","9/12/2019 1:54:34 PM","1/10/2011 9:23:39 AM","9/12/2019 5:54:34 AM","1/10/2011 1:23:39 AM","","programmed.com.au","NP1DC01.iwf.com.au","True","Unchanged"
"np1ex02.iwf.com.au","03c404ea-3a97-41b3-ad2d-289a1dc7751e","False","pmsltd.co.nz",,"InternalRelay","False","True","False","False","False",,,"False","False","Federation",,"False","False","False","False","False","False","False","False","","0.1 (8.0.535.0)","pmsltd.co.nz","CN=pmsltd.co.nz,CN=Accepted Domains,CN=Transport Settings,CN=First Organization,CN=Microsoft Exchange,CN=Services,CN=Configuration,DC=iwf,DC=com,DC=au","pmsltd.co.nz","a4128a82-7d0c-4ee2-b080-2a464426cc34","iwf.com.au/Configuration/Schema/ms-Exch-Accepted-Domain","Microsoft.Exchange.Data.MultiValuedProperty`1[System.String]","9/12/2019 1:54:33 PM","1/10/2011 9:23:40 AM","9/12/2019 5:54:33 AM","1/10/2011 1:23:40 AM","","pmsltd.co.nz","NP1DC01.iwf.com.au","True","Unchanged"
"np1ex02.iwf.com.au","03c404ea-3a97-41b3-ad2d-289a1dc7751e","False","programmed.co.nz",,"InternalRelay","False","True","False","False","False",,,"False","False","Federation",,"False","False","False","False","False","False","False","False","","0.1 (8.0.535.0)","programmed.co.nz","CN=programmed.co.nz,CN=Accepted Domains,CN=Transport Settings,CN=First Organization,CN=Microsoft Exchange,CN=Services,CN=Configuration,DC=iwf,DC=com,DC=au","programmed.co.nz","c1d0cb98-e439-41e1-a219-088c90b87535","iwf.com.au/Configuration/Schema/ms-Exch-Accepted-Domain","Microsoft.Exchange.Data.MultiValuedProperty`1[System.String]","9/12/2019 1:54:32 PM","1/10/2011 9:23:39 AM","9/12/2019 5:54:32 AM","1/10/2011 1:23:39 AM","","programmed.co.nz","NP1DC01.iwf.com.au","True","Unchanged"
"np1ex02.iwf.com.au","03c404ea-3a97-41b3-ad2d-289a1dc7751e","False","staff.programmed.co.nz",,"InternalRelay","False","True","False","False","False",,,"False","False","Federation",,"False","False","False","False","False","False","False","False","","0.1 (8.0.535.0)","staff.programmed.co.nz","CN=staff.programmed.co.nz,CN=Accepted Domains,CN=Transport Settings,CN=First Organization,CN=Microsoft Exchange,CN=Services,CN=Configuration,DC=iwf,DC=com,DC=au","staff.programmed.co.nz","e81607a2-3b0d-4b89-8333-41df93139573","iwf.com.au/Configuration/Schema/ms-Exch-Accepted-Domain","Microsoft.Exchange.Data.MultiValuedProperty`1[System.String]","9/12/2019 1:54:31 PM","2/10/2014 3:27:27 PM","9/12/2019 5:54:31 AM","2/10/2014 7:27:27 AM","","staff.programmed.co.nz","NP1DC01.iwf.com.au","True","Unchanged"
"np1ex02.iwf.com.au","03c404ea-3a97-41b3-ad2d-289a1dc7751e","False","pmsltd.com.au",,"InternalRelay","False","True","False","False","False",,,"False","False","Federation",,"False","False","False","False","False","False","False","False","","0.1 (8.0.535.0)","pmsltd.com.au","CN=pmsltd.com.au,CN=Accepted Domains,CN=Transport Settings,CN=First Organization,CN=Microsoft Exchange,CN=Services,CN=Configuration,DC=iwf,DC=com,DC=au","pmsltd.com.au","74c9d8fe-238b-4f66-8b3d-4aba36ddd186","iwf.com.au/Configuration/Schema/ms-Exch-Accepted-Domain","Microsoft.Exchange.Data.MultiValuedProperty`1[System.String]","9/12/2019 1:54:30 PM","1/10/2011 9:23:36 AM","9/12/2019 5:54:30 AM","1/10/2011 1:23:36 AM","","pmsltd.com.au","NP1DC01.iwf.com.au","True","Unchanged"
"np1ex02.iwf.com.au","03c404ea-3a97-41b3-ad2d-289a1dc7751e","False","programmed.co.uk",,"InternalRelay","False","True","False","False","False",,,"False","False","Federation",,"False","False","False","False","False","False","False","False","","0.1 (8.0.535.0)","programmed.co.uk","CN=programmed.co.uk,CN=Accepted Domains,CN=Transport Settings,CN=First Organization,CN=Microsoft Exchange,CN=Services,CN=Configuration,DC=iwf,DC=com,DC=au","programmed.co.uk","bb97857e-86c1-43b8-86f7-d905026104be","iwf.com.au/Configuration/Schema/ms-Exch-Accepted-Domain","Microsoft.Exchange.Data.MultiValuedProperty`1[System.String]","9/12/2019 1:54:30 PM","1/10/2011 9:23:38 AM","9/12/2019 5:54:30 AM","1/10/2011 1:23:38 AM","","programmed.co.uk","NP1DC01.iwf.com.au","True","Unchanged"
"np1ex02.iwf.com.au","03c404ea-3a97-41b3-ad2d-289a1dc7751e","False","programmed.com",,"InternalRelay","False","True","False","False","False",,,"False","False","Federation",,"False","False","False","False","False","False","False","False","","0.1 (8.0.535.0)","Programmed.com","CN=Programmed.com,CN=Accepted Domains,CN=Transport Settings,CN=First Organization,CN=Microsoft Exchange,CN=Services,CN=Configuration,DC=iwf,DC=com,DC=au","Programmed.com","1168ba67-96b0-4645-8ab4-a761b5db4562","iwf.com.au/Configuration/Schema/ms-Exch-Accepted-Domain","Microsoft.Exchange.Data.MultiValuedProperty`1[System.String]","9/12/2019 1:54:29 PM","8/09/2015 9:34:14 AM","9/12/2019 5:54:29 AM","8/09/2015 1:34:14 AM","","Programmed.com","NP1DC01.iwf.com.au","True","Unchanged"
"np1ex02.iwf.com.au","03c404ea-3a97-41b3-ad2d-289a1dc7751e","False","programmedinternational.com",,"InternalRelay","False","True","False","False","False",,,"False","False","Federation",,"False","False","False","False","False","False","False","False","","0.1 (8.0.535.0)","programmedinternational.com","CN=programmedinternational.com,CN=Accepted Domains,CN=Transport Settings,CN=First Organization,CN=Microsoft Exchange,CN=Services,CN=Configuration,DC=iwf,DC=com,DC=au","programmedinternational.com","94db15e8-b4ca-48d0-ad6a-a556c2590426","iwf.com.au/Configuration/Schema/ms-Exch-Accepted-Domain","Microsoft.Exchange.Data.MultiValuedProperty`1[System.String]","9/12/2019 1:54:28 PM","11/02/2016 2:48:57 PM","9/12/2019 5:54:28 AM","11/02/2016 6:48:57 AM","","programmedinternational.com","NP1DC01.iwf.com.au","True","Unchanged"
"np1ex02.iwf.com.au","03c404ea-3a97-41b3-ad2d-289a1dc7751e","False","staffingaustralia.com",,"InternalRelay","False","True","False","False","False",,,"False","False","Federation",,"False","False","False","False","False","False","False","False","","0.1 (8.0.535.0)","staffingaustralia.com","CN=staffingaustralia.com,CN=Accepted Domains,CN=Transport Settings,CN=First Organization,CN=Microsoft Exchange,CN=Services,CN=Configuration,DC=iwf,DC=com,DC=au","staffingaustralia.com","ac421507-d749-4f14-954d-f982f9def4de","iwf.com.au/Configuration/Schema/ms-Exch-Accepted-Domain","Microsoft.Exchange.Data.MultiValuedProperty`1[System.String]","9/12/2019 3:59:00 PM","17/11/2016 8:56:40 AM","9/12/2019 7:59:00 AM","17/11/2016 12:56:40 AM","","staffingaustralia.com","NP1DC01.iwf.com.au","True","Unchanged"
"np1ex02.iwf.com.au","03c404ea-3a97-41b3-ad2d-289a1dc7751e","False","smbcountry.com.au",,"InternalRelay","False","True","False","False","False",,,"False","False","Federation",,"False","False","False","False","False","False","False","False","","0.1 (8.0.535.0)","smbcountry.com.au","CN=smbcountry.com.au,CN=Accepted Domains,CN=Transport Settings,CN=First Organization,CN=Microsoft Exchange,CN=Services,CN=Configuration,DC=iwf,DC=com,DC=au","smbcountry.com.au","ac6b591a-2d3c-4058-8fe3-364a802c6274","iwf.com.au/Configuration/Schema/ms-Exch-Accepted-Domain","Microsoft.Exchange.Data.MultiValuedProperty`1[System.String]","9/12/2019 1:54:27 PM","17/11/2016 8:58:57 AM","9/12/2019 5:54:27 AM","17/11/2016 12:58:57 AM","","smbcountry.com.au","NP1DC01.iwf.com.au","True","Unchanged"
"np1ex02.iwf.com.au","03c404ea-3a97-41b3-ad2d-289a1dc7751e","False","ativo.com.au",,"InternalRelay","False","True","False","False","False",,,"False","False","Federation",,"False","False","False","False","False","False","False","False","","0.1 (8.0.535.0)","ativo.com.au","CN=ativo.com.au,CN=Accepted Domains,CN=Transport Settings,CN=First Organization,CN=Microsoft Exchange,CN=Services,CN=Configuration,DC=iwf,DC=com,DC=au","ativo.com.au","987357a2-087b-4fff-b456-5d469323231c","iwf.com.au/Configuration/Schema/ms-Exch-Accepted-Domain","Microsoft.Exchange.Data.MultiValuedProperty`1[System.String]","9/12/2019 1:54:26 PM","13/12/2016 8:21:43 AM","9/12/2019 5:54:26 AM","13/12/2016 12:21:43 AM","","ativo.com.au","NP1DC01.iwf.com.au","True","Unchanged"
"np1ex02.iwf.com.au","03c404ea-3a97-41b3-ad2d-289a1dc7751e","False","omsau.com",,"InternalRelay","False","True","False","False","False",,,"False","False","Federation",,"False","False","False","False","False","False","False","False","","0.1 (8.0.535.0)","omsau.com","CN=omsau.com,CN=Accepted Domains,CN=Transport Settings,CN=First Organization,CN=Microsoft Exchange,CN=Services,CN=Configuration,DC=iwf,DC=com,DC=au","omsau.com","f24ec155-07bc-419f-b944-1e8fa063ea8a","iwf.com.au/Configuration/Schema/ms-Exch-Accepted-Domain","Microsoft.Exchange.Data.MultiValuedProperty`1[System.String]","9/12/2019 1:54:26 PM","2/02/2017 2:33:53 PM","9/12/2019 5:54:26 AM","2/02/2017 6:33:53 AM","","omsau.com","NP1DC01.iwf.com.au","True","Unchanged"
"np1ex02.iwf.com.au","03c404ea-3a97-41b3-ad2d-289a1dc7751e","False","thomascoffey.com.au",,"InternalRelay","False","True","False","False","False",,,"False","False","Federation",,"False","False","False","False","False","False","False","False","","0.1 (8.0.535.0)","thomascoffey.com.au","CN=thomascoffey.com.au,CN=Accepted Domains,CN=Transport Settings,CN=First Organization,CN=Microsoft Exchange,CN=Services,CN=Configuration,DC=iwf,DC=com,DC=au","thomascoffey.com.au","3ab15494-886d-43c1-bbf3-600122eaefb0","iwf.com.au/Configuration/Schema/ms-Exch-Accepted-Domain","Microsoft.Exchange.Data.MultiValuedProperty`1[System.String]","9/12/2019 1:54:25 PM","5/09/2017 2:53:42 PM","9/12/2019 5:54:25 AM","5/09/2017 6:53:42 AM","","thomascoffey.com.au","NP1DC01.iwf.com.au","True","Unchanged"
"np1ex02.iwf.com.au","03c404ea-3a97-41b3-ad2d-289a1dc7751e","False","peopleco.com.au",,"InternalRelay","False","True","False","False","False",,,"False","False","Federation",,"False","False","False","False","False","False","False","False","","0.1 (8.0.535.0)","peopleco.com.au","CN=peopleco.com.au,CN=Accepted Domains,CN=Transport Settings,CN=First Organization,CN=Microsoft Exchange,CN=Services,CN=Configuration,DC=iwf,DC=com,DC=au","peopleco.com.au","f6fce67b-1fbf-4ed3-9fc5-54d93e9b621f","iwf.com.au/Configuration/Schema/ms-Exch-Accepted-Domain","Microsoft.Exchange.Data.MultiValuedProperty`1[System.String]","9/12/2019 1:54:24 PM","6/09/2017 10:53:42 AM","9/12/2019 5:54:24 AM","6/09/2017 2:53:42 AM","","peopleco.com.au","NP1DC01.iwf.com.au","True","Unchanged"
"np1ex02.iwf.com.au","03c404ea-3a97-41b3-ad2d-289a1dc7751e","False","atlasprofessionals.com.au",,"InternalRelay","False","True","False","False","False",,,"False","False","Federation",,"False","False","False","False","False","False","False","False","","0.1 (8.0.535.0)","atlasprofessionals.com.au","CN=atlasprofessionals.com.au,CN=Accepted Domains,CN=Transport Settings,CN=First Organization,CN=Microsoft Exchange,CN=Services,CN=Configuration,DC=iwf,DC=com,DC=au","atlasprofessionals.com.au","79e2879b-e94d-4d7d-a05f-f30c79d6d15a","iwf.com.au/Configuration/Schema/ms-Exch-Accepted-Domain","Microsoft.Exchange.Data.MultiValuedProperty`1[System.String]","9/12/2019 1:54:23 PM","20/02/2018 10:52:21 AM","9/12/2019 5:54:23 AM","20/02/2018 2:52:21 AM","","atlasprofessionals.com.au","NP1DC01.iwf.com.au","True","Unchanged"
"np1ex02.iwf.com.au","03c404ea-3a97-41b3-ad2d-289a1dc7751e","False","atlasprofessionals.co.nz",,"InternalRelay","False","True","False","False","False",,,"False","False","Federation",,"False","False","False","False","False","False","False","False","","0.1 (8.0.535.0)","atlasprofessionals.co.nz","CN=atlasprofessionals.co.nz,CN=Accepted Domains,CN=Transport Settings,CN=First Organization,CN=Microsoft Exchange,CN=Services,CN=Configuration,DC=iwf,DC=com,DC=au","atlasprofessionals.co.nz","bda6e7d0-6170-40b6-9e5a-571272d760e5","iwf.com.au/Configuration/Schema/ms-Exch-Accepted-Domain","Microsoft.Exchange.Data.MultiValuedProperty`1[System.String]","9/12/2019 1:54:22 PM","26/02/2018 4:04:13 PM","9/12/2019 5:54:22 AM","26/02/2018 8:04:13 AM","","atlasprofessionals.co.nz","NP1DC01.iwf.com.au","True","Unchanged"
"np1ex02.iwf.com.au","03c404ea-3a97-41b3-ad2d-289a1dc7751e","False","clinicalcare.com.au",,"InternalRelay","False","True","False","False","False",,,"False","False","Federation",,"False","False","False","False","False","False","False","False","","0.1 (8.0.535.0)","clinicalcare.com.au","CN=clinicalcare.com.au,CN=Accepted Domains,CN=Transport Settings,CN=First Organization,CN=Microsoft Exchange,CN=Services,CN=Configuration,DC=iwf,DC=com,DC=au","clinicalcare.com.au","5af02673-f7cf-4007-929a-f529193f7754","iwf.com.au/Configuration/Schema/ms-Exch-Accepted-Domain","Microsoft.Exchange.Data.MultiValuedProperty`1[System.String]","4/12/2019 4:25:12 PM","30/04/2018 3:39:23 PM","4/12/2019 8:25:12 AM","30/04/2018 7:39:23 AM","","clinicalcare.com.au","NP1DC01.iwf.com.au","True","Unchanged"
"np1ex02.iwf.com.au","03c404ea-3a97-41b3-ad2d-289a1dc7751e","False","skilled.com.au",,"InternalRelay","False","True","False","False","False",,,"False","False","Federation",,"False","False","False","False","False","False","False","False","","0.1 (8.0.535.0)","skilled.com.au","CN=skilled.com.au,CN=Accepted Domains,CN=Transport Settings,CN=First Organization,CN=Microsoft Exchange,CN=Services,CN=Configuration,DC=iwf,DC=com,DC=au","skilled.com.au","73a224a3-c83e-45cf-89b2-100ebaa70663","iwf.com.au/Configuration/Schema/ms-Exch-Accepted-Domain","Microsoft.Exchange.Data.MultiValuedProperty`1[System.String]","9/12/2019 1:54:21 PM","30/05/2018 1:47:59 PM","9/12/2019 5:54:21 AM","30/05/2018 5:47:59 AM","","skilled.com.au","NP1DC01.iwf.com.au","True","Unchanged"
"np1ex02.iwf.com.au","03c404ea-3a97-41b3-ad2d-289a1dc7751e","False","skilledgroup.com.au",,"InternalRelay","False","True","False","False","False",,,"False","False","Federation",,"False","False","False","False","False","False","False","False","","0.1 (8.0.535.0)","skilledgroup.com.au","CN=skilledgroup.com.au,CN=Accepted Domains,CN=Transport Settings,CN=First Organization,CN=Microsoft Exchange,CN=Services,CN=Configuration,DC=iwf,DC=com,DC=au","skilledgroup.com.au","45d87f61-c76f-4e02-bf50-92501c22a46f","iwf.com.au/Configuration/Schema/ms-Exch-Accepted-Domain","Microsoft.Exchange.Data.MultiValuedProperty`1[System.String]","9/12/2019 1:54:20 PM","30/05/2018 1:48:22 PM","9/12/2019 5:54:20 AM","30/05/2018 5:48:22 AM","","skilledgroup.com.au","NP1DC01.iwf.com.au","True","Unchanged"
"np1ex02.iwf.com.au","03c404ea-3a97-41b3-ad2d-289a1dc7751e","False","mosaicrecruitment.com.au",,"InternalRelay","False","True","False","False","False",,,"False","False","Federation",,"False","False","False","False","False","False","False","False","","0.1 (8.0.535.0)","mosaicrecruitment.com.au","CN=mosaicrecruitment.com.au,CN=Accepted Domains,CN=Transport Settings,CN=First Organization,CN=Microsoft Exchange,CN=Services,CN=Configuration,DC=iwf,DC=com,DC=au","mosaicrecruitment.com.au","b54b9920-7b70-42cb-83b4-d6eca76ab203","iwf.com.au/Configuration/Schema/ms-Exch-Accepted-Domain","Microsoft.Exchange.Data.MultiValuedProperty`1[System.String]","9/12/2019 1:54:19 PM","30/05/2018 1:50:31 PM","9/12/2019 5:54:19 AM","30/05/2018 5:50:31 AM","","mosaicrecruitment.com.au","NP1DC01.iwf.com.au","True","Unchanged"
"np1ex02.iwf.com.au","03c404ea-3a97-41b3-ad2d-289a1dc7751e","False","NursingAustralia.com",,"InternalRelay","False","True","False","False","False",,,"False","False","Federation",,"False","False","False","False","False","False","False","False","","0.1 (8.0.535.0)","nursingaustralia.com","CN=nursingaustralia.com,CN=Accepted Domains,CN=Transport Settings,CN=First Organization,CN=Microsoft Exchange,CN=Services,CN=Configuration,DC=iwf,DC=com,DC=au","nursingaustralia.com","dee0ee12-1198-486f-914f-7911dae2e739","iwf.com.au/Configuration/Schema/ms-Exch-Accepted-Domain","Microsoft.Exchange.Data.MultiValuedProperty`1[System.String]","9/12/2019 3:59:13 PM","30/05/2018 1:53:37 PM","9/12/2019 7:59:13 AM","30/05/2018 5:53:37 AM","","nursingaustralia.com","NP1DC01.iwf.com.au","True","Unchanged"
"np1ex02.iwf.com.au","03c404ea-3a97-41b3-ad2d-289a1dc7751e","False","broadswordmarine.com.au",,"InternalRelay","False","True","False","False","False",,,"False","False","Federation",,"False","False","False","False","False","False","False","False","","0.1 (8.0.535.0)","broadswordmarine.com.au","CN=broadswordmarine.com.au,CN=Accepted Domains,CN=Transport Settings,CN=First Organization,CN=Microsoft Exchange,CN=Services,CN=Configuration,DC=iwf,DC=com,DC=au","broadswordmarine.com.au","de6a1e58-3589-4ad5-a497-ebd585e6301b","iwf.com.au/Configuration/Schema/ms-Exch-Accepted-Domain","Microsoft.Exchange.Data.MultiValuedProperty`1[System.String]","9/12/2019 1:54:18 PM","30/05/2018 1:58:09 PM","9/12/2019 5:54:18 AM","30/05/2018 5:58:09 AM","","broadswordmarine.com.au","NP1DC01.iwf.com.au","True","Unchanged"
"np1ex02.iwf.com.au","03c404ea-3a97-41b3-ad2d-289a1dc7751e","False","waycon.com.au",,"InternalRelay","False","True","False","False","False",,,"False","False","Federation",,"False","False","False","False","False","False","False","False","","0.1 (8.0.535.0)","waycon.com.au","CN=waycon.com.au,CN=Accepted Domains,CN=Transport Settings,CN=First Organization,CN=Microsoft Exchange,CN=Services,CN=Configuration,DC=iwf,DC=com,DC=au","waycon.com.au","88a7e485-ae03-4c19-8d26-d5f41454c0fb","iwf.com.au/Configuration/Schema/ms-Exch-Accepted-Domain","Microsoft.Exchange.Data.MultiValuedProperty`1[System.String]","9/12/2019 1:54:17 PM","30/05/2018 2:01:19 PM","9/12/2019 5:54:17 AM","30/05/2018 6:01:19 AM","","waycon.com.au","NP1DC01.iwf.com.au","True","Unchanged"
"np1ex02.iwf.com.au","03c404ea-3a97-41b3-ad2d-289a1dc7751e","False","omsmt.com",,"InternalRelay","False","True","False","False","False",,,"False","False","Federation",,"False","False","False","False","False","False","False","False","","0.1 (8.0.535.0)","omsmt.com","CN=omsmt.com,CN=Accepted Domains,CN=Transport Settings,CN=First Organization,CN=Microsoft Exchange,CN=Services,CN=Configuration,DC=iwf,DC=com,DC=au","omsmt.com","05ecedc1-bfb0-40c5-af26-2dfaf562961a","iwf.com.au/Configuration/Schema/ms-Exch-Accepted-Domain","Microsoft.Exchange.Data.MultiValuedProperty`1[System.String]","9/12/2019 1:54:16 PM","6/06/2018 12:04:01 PM","9/12/2019 5:54:16 AM","6/06/2018 4:04:01 AM","","omsmt.com","NP1DC01.iwf.com.au","True","Unchanged"
"np1ex02.iwf.com.au","03c404ea-3a97-41b3-ad2d-289a1dc7751e","False","Point2pointtravel.com",,"InternalRelay","False","True","False","False","False",,,"False","False","Federation",,"False","False","False","False","False","False","False","False","","0.1 (8.0.535.0)","Point2pointtravel.com","CN=Point2pointtravel.com,CN=Accepted Domains,CN=Transport Settings,CN=First Organization,CN=Microsoft Exchange,CN=Services,CN=Configuration,DC=iwf,DC=com,DC=au","Point2pointtravel.com","92d32aad-b3d7-4be4-a0df-b6fb8a6934c8","iwf.com.au/Configuration/Schema/ms-Exch-Accepted-Domain","Microsoft.Exchange.Data.MultiValuedProperty`1[System.String]","9/12/2019 1:54:15 PM","6/06/2018 12:04:25 PM","9/12/2019 5:54:15 AM","6/06/2018 4:04:25 AM","","Point2pointtravel.com","NP1DC01.iwf.com.au","True","Unchanged"
"np1ex02.iwf.com.au","03c404ea-3a97-41b3-ad2d-289a1dc7751e","False","P2ptravel.net",,"InternalRelay","False","True","False","False","False",,,"False","False","Federation",,"False","False","False","False","False","False","False","False","","0.1 (8.0.535.0)","P2ptravel.net","CN=P2ptravel.net,CN=Accepted Domains,CN=Transport Settings,CN=First Organization,CN=Microsoft Exchange,CN=Services,CN=Configuration,DC=iwf,DC=com,DC=au","P2ptravel.net","9df5b2c4-5ccf-4ad6-9eab-7cf52bfe62d6","iwf.com.au/Configuration/Schema/ms-Exch-Accepted-Domain","Microsoft.Exchange.Data.MultiValuedProperty`1[System.String]","9/12/2019 1:54:14 PM","6/06/2018 12:04:37 PM","9/12/2019 5:54:14 AM","6/06/2018 4:04:37 AM","","P2ptravel.net","NP1DC01.iwf.com.au","True","Unchanged"
"np1ex02.iwf.com.au","03c404ea-3a97-41b3-ad2d-289a1dc7751e","False","omsintl.com",,"InternalRelay","False","True","False","False","False",,,"False","False","Federation",,"False","False","False","False","False","False","False","False","","0.1 (8.0.535.0)","omsintl.com","CN=omsintl.com,CN=Accepted Domains,CN=Transport Settings,CN=First Organization,CN=Microsoft Exchange,CN=Services,CN=Configuration,DC=iwf,DC=com,DC=au","omsintl.com","f5f235fe-2671-4de2-ae7c-070fd4354ee7","iwf.com.au/Configuration/Schema/ms-Exch-Accepted-Domain","Microsoft.Exchange.Data.MultiValuedProperty`1[System.String]","9/12/2019 1:54:13 PM","6/06/2018 12:05:08 PM","9/12/2019 5:54:13 AM","6/06/2018 4:05:08 AM","","omsintl.com","NP1DC01.iwf.com.au","True","Unchanged"
"np1ex02.iwf.com.au","03c404ea-3a97-41b3-ad2d-289a1dc7751e","False","omsae.com",,"InternalRelay","False","True","False","False","False",,,"False","False","Federation",,"False","False","False","False","False","False","False","False","","0.1 (8.0.535.0)","omsae.com","CN=omsae.com,CN=Accepted Domains,CN=Transport Settings,CN=First Organization,CN=Microsoft Exchange,CN=Services,CN=Configuration,DC=iwf,DC=com,DC=au","omsae.com","865e6abb-5c9c-4d43-bd11-b57d4246873b","iwf.com.au/Configuration/Schema/ms-Exch-Accepted-Domain","Microsoft.Exchange.Data.MultiValuedProperty`1[System.String]","9/12/2019 1:54:13 PM","6/06/2018 12:05:31 PM","9/12/2019 5:54:13 AM","6/06/2018 4:05:31 AM","","omsae.com","NP1DC01.iwf.com.au","True","Unchanged"
"np1ex02.iwf.com.au","03c404ea-3a97-41b3-ad2d-289a1dc7751e","False","skilledinternational.com",,"InternalRelay","False","True","False","False","False",,,"False","False",,,"False","False","False","False","False","False","False","False","","0.1 (8.0.535.0)","skilledinternational.com","CN=skilledinternational.com,CN=Accepted Domains,CN=Transport Settings,CN=First Organization,CN=Microsoft Exchange,CN=Services,CN=Configuration,DC=iwf,DC=com,DC=au","skilledinternational.com","22568f59-9960-4838-814f-e1fcf2e58ffb","iwf.com.au/Configuration/Schema/ms-Exch-Accepted-Domain","Microsoft.Exchange.Data.MultiValuedProperty`1[System.String]","4/12/2019 3:00:42 PM","6/06/2018 12:05:41 PM","4/12/2019 7:00:42 AM","6/06/2018 4:05:41 AM","","skilledinternational.com","NP1DC01.iwf.com.au","True","Unchanged"
"np1ex02.iwf.com.au","03c404ea-3a97-41b3-ad2d-289a1dc7751e","False","omsalliance.com",,"InternalRelay","False","True","False","False","False",,,"False","False","Federation",,"False","False","False","False","False","False","False","False","","0.1 (8.0.535.0)","omsalliance.com","CN=omsalliance.com,CN=Accepted Domains,CN=Transport Settings,CN=First Organization,CN=Microsoft Exchange,CN=Services,CN=Configuration,DC=iwf,DC=com,DC=au","omsalliance.com","80a2efbd-4472-448d-b908-53cc18324492","iwf.com.au/Configuration/Schema/ms-Exch-Accepted-Domain","Microsoft.Exchange.Data.MultiValuedProperty`1[System.String]","9/12/2019 1:54:01 PM","6/06/2018 3:52:18 PM","9/12/2019 5:54:01 AM","6/06/2018 7:52:18 AM","","omsalliance.com","NP1DC01.iwf.com.au","True","Unchanged"
"np1ex02.iwf.com.au","03c404ea-3a97-41b3-ad2d-289a1dc7751e","False","omsnz.com",,"InternalRelay","False","True","False","False","False",,,"False","False","Federation",,"False","False","False","False","False","False","False","False","","0.1 (8.0.535.0)","omsnz.com","CN=omsnz.com,CN=Accepted Domains,CN=Transport Settings,CN=First Organization,CN=Microsoft Exchange,CN=Services,CN=Configuration,DC=iwf,DC=com,DC=au","omsnz.com","77bf6cbc-7fd9-483c-8be7-29a3eb8cb0a0","iwf.com.au/Configuration/Schema/ms-Exch-Accepted-Domain","Microsoft.Exchange.Data.MultiValuedProperty`1[System.String]","9/12/2019 1:54:00 PM","6/06/2018 3:52:30 PM","9/12/2019 5:54:00 AM","6/06/2018 7:52:30 AM","","omsnz.com","NP1DC01.iwf.com.au","True","Unchanged"
"np1ex02.iwf.com.au","03c404ea-3a97-41b3-ad2d-289a1dc7751e","False","omssg.com",,"InternalRelay","False","True","False","False","False",,,"False","False","Federation",,"False","False","False","False","False","False","False","False","","0.1 (8.0.535.0)","omssg.com","CN=omssg.com,CN=Accepted Domains,CN=Transport Settings,CN=First Organization,CN=Microsoft Exchange,CN=Services,CN=Configuration,DC=iwf,DC=com,DC=au","omssg.com","65c1dc05-4cb3-45c3-89a4-34f8da9a86b6","iwf.com.au/Configuration/Schema/ms-Exch-Accepted-Domain","Microsoft.Exchange.Data.MultiValuedProperty`1[System.String]","9/12/2019 1:53:59 PM","6/06/2018 3:52:40 PM","9/12/2019 5:53:59 AM","6/06/2018 7:52:40 AM","","omssg.com","NP1DC01.iwf.com.au","True","Unchanged"
"np1ex02.iwf.com.au","03c404ea-3a97-41b3-ad2d-289a1dc7751e","False","origineducation.com.au",,"InternalRelay","False","True","False","False","False",,,"False","False","Federation",,"False","False","False","False","False","False","False","False","","0.1 (8.0.535.0)","origineducation.com.au","CN=origineducation.com.au,CN=Accepted Domains,CN=Transport Settings,CN=First Organization,CN=Microsoft Exchange,CN=Services,CN=Configuration,DC=iwf,DC=com,DC=au","origineducation.com.au","7db0b94c-75a0-441a-bad0-fc7ab5990488","iwf.com.au/Configuration/Schema/ms-Exch-Accepted-Domain","Microsoft.Exchange.Data.MultiValuedProperty`1[System.String]","9/12/2019 1:53:58 PM","6/06/2018 3:52:50 PM","9/12/2019 5:53:58 AM","6/06/2018 7:52:50 AM","","origineducation.com.au","NP1DC01.iwf.com.au","True","Unchanged"
"np1ex02.iwf.com.au","03c404ea-3a97-41b3-ad2d-289a1dc7751e","False","originhealthcare.com.au",,"InternalRelay","False","True","False","False","False",,,"False","False","Federation",,"False","False","False","False","False","False","False","False","","0.1 (8.0.535.0)","originhealthcare.com.au","CN=originhealthcare.com.au,CN=Accepted Domains,CN=Transport Settings,CN=First Organization,CN=Microsoft Exchange,CN=Services,CN=Configuration,DC=iwf,DC=com,DC=au","originhealthcare.com.au","0d1d95de-8d7d-4ad1-9b55-5242bb117177","iwf.com.au/Configuration/Schema/ms-Exch-Accepted-Domain","Microsoft.Exchange.Data.MultiValuedProperty`1[System.String]","9/12/2019 1:53:57 PM","6/06/2018 3:53:01 PM","9/12/2019 5:53:57 AM","6/06/2018 7:53:01 AM","","originhealthcare.com.au","NP1DC01.iwf.com.au","True","Unchanged"
"np1ex02.iwf.com.au","03c404ea-3a97-41b3-ad2d-289a1dc7751e","False","pmsgroup.com.au",,"InternalRelay","False","True","False","False","False",,,"False","False","Federation",,"False","False","False","False","False","False","False","False","","0.1 (8.0.535.0)","pmsgroup.com.au","CN=pmsgroup.com.au,CN=Accepted Domains,CN=Transport Settings,CN=First Organization,CN=Microsoft Exchange,CN=Services,CN=Configuration,DC=iwf,DC=com,DC=au","pmsgroup.com.au","88e7cd89-aa52-441e-94c2-900c6a763d0d","iwf.com.au/Configuration/Schema/ms-Exch-Accepted-Domain","Microsoft.Exchange.Data.MultiValuedProperty`1[System.String]","9/12/2019 1:53:57 PM","6/06/2018 3:53:11 PM","9/12/2019 5:53:57 AM","6/06/2018 7:53:11 AM","","pmsgroup.com.au","NP1DC01.iwf.com.au","True","Unchanged"
"np1ex02.iwf.com.au","03c404ea-3a97-41b3-ad2d-289a1dc7751e","False","premiumrecruitment.com.au",,"InternalRelay","False","True","False","False","False",,,"False","False","Federation",,"False","False","False","False","False","False","False","False","","0.1 (8.0.535.0)","premiumrecruitment.com.au","CN=premiumrecruitment.com.au,CN=Accepted Domains,CN=Transport Settings,CN=First Organization,CN=Microsoft Exchange,CN=Services,CN=Configuration,DC=iwf,DC=com,DC=au","premiumrecruitment.com.au","be2aacd1-8a63-45d4-bcce-80b86d491a55","iwf.com.au/Configuration/Schema/ms-Exch-Accepted-Domain","Microsoft.Exchange.Data.MultiValuedProperty`1[System.String]","9/12/2019 1:53:56 PM","6/06/2018 3:53:21 PM","9/12/2019 5:53:56 AM","6/06/2018 7:53:21 AM","","premiumrecruitment.com.au","NP1DC01.iwf.com.au","True","Unchanged"
"np1ex02.iwf.com.au","03c404ea-3a97-41b3-ad2d-289a1dc7751e","False","programmedcm.com.au",,"InternalRelay","False","True","False","False","False",,,"False","False","Federation",,"False","False","False","False","False","False","False","False","","0.1 (8.0.535.0)","programmedcm.com.au","CN=programmedcm.com.au,CN=Accepted Domains,CN=Transport Settings,CN=First Organization,CN=Microsoft Exchange,CN=Services,CN=Configuration,DC=iwf,DC=com,DC=au","programmedcm.com.au","bd8929c4-d619-4036-92f1-b705ad71e961","iwf.com.au/Configuration/Schema/ms-Exch-Accepted-Domain","Microsoft.Exchange.Data.MultiValuedProperty`1[System.String]","9/12/2019 1:53:55 PM","6/06/2018 3:53:31 PM","9/12/2019 5:53:55 AM","6/06/2018 7:53:31 AM","","programmedcm.com.au","NP1DC01.iwf.com.au","True","Unchanged"
"np1ex02.iwf.com.au","03c404ea-3a97-41b3-ad2d-289a1dc7751e","False","prosafepersonnel.com.au",,"InternalRelay","False","True","False","False","False",,,"False","False","Federation",,"False","False","False","False","False","False","False","False","","0.1 (8.0.535.0)","prosafepersonnel.com.au","CN=prosafepersonnel.com.au,CN=Accepted Domains,CN=Transport Settings,CN=First Organization,CN=Microsoft Exchange,CN=Services,CN=Configuration,DC=iwf,DC=com,DC=au","prosafepersonnel.com.au","863d0917-3b92-403d-96bf-e5f18d70e84b","iwf.com.au/Configuration/Schema/ms-Exch-Accepted-Domain","Microsoft.Exchange.Data.MultiValuedProperty`1[System.String]","9/12/2019 1:53:54 PM","6/06/2018 3:53:40 PM","9/12/2019 5:53:54 AM","6/06/2018 7:53:40 AM","","prosafepersonnel.com.au","NP1DC01.iwf.com.au","True","Unchanged"
"np1ex02.iwf.com.au","03c404ea-3a97-41b3-ad2d-289a1dc7751e","False","queenslandnursing.com",,"InternalRelay","False","True","False","False","False",,,"False","False","Federation",,"False","False","False","False","False","False","False","False","","0.1 (8.0.535.0)","queenslandnursing.com","CN=queenslandnursing.com,CN=Accepted Domains,CN=Transport Settings,CN=First Organization,CN=Microsoft Exchange,CN=Services,CN=Configuration,DC=iwf,DC=com,DC=au","queenslandnursing.com","21208f6a-d602-492e-bb16-18bbc38e970a","iwf.com.au/Configuration/Schema/ms-Exch-Accepted-Domain","Microsoft.Exchange.Data.MultiValuedProperty`1[System.String]","9/12/2019 1:53:53 PM","6/06/2018 3:53:50 PM","9/12/2019 5:53:53 AM","6/06/2018 7:53:50 AM","","queenslandnursing.com","NP1DC01.iwf.com.au","True","Unchanged"
"np1ex02.iwf.com.au","03c404ea-3a97-41b3-ad2d-289a1dc7751e","False","skilled.co.nz",,"InternalRelay","False","True","False","False","False",,,"False","False","Federation",,"False","False","False","False","False","False","False","False","","0.1 (8.0.535.0)","skilled.co.nz","CN=skilled.co.nz,CN=Accepted Domains,CN=Transport Settings,CN=First Organization,CN=Microsoft Exchange,CN=Services,CN=Configuration,DC=iwf,DC=com,DC=au","skilled.co.nz","d4a119aa-00a2-4c61-905f-73db83899597","iwf.com.au/Configuration/Schema/ms-Exch-Accepted-Domain","Microsoft.Exchange.Data.MultiValuedProperty`1[System.String]","9/12/2019 1:53:53 PM","6/06/2018 3:53:59 PM","9/12/2019 5:53:53 AM","6/06/2018 7:53:59 AM","","skilled.co.nz","NP1DC01.iwf.com.au","True","Unchanged"
"np1ex02.iwf.com.au","03c404ea-3a97-41b3-ad2d-289a1dc7751e","False","skilleddefence.com.au",,"InternalRelay","False","True","False","False","False",,,"False","False","Federation",,"False","False","False","False","False","False","False","False","","0.1 (8.0.535.0)","skilleddefence.com.au","CN=skilleddefence.com.au,CN=Accepted Domains,CN=Transport Settings,CN=First Organization,CN=Microsoft Exchange,CN=Services,CN=Configuration,DC=iwf,DC=com,DC=au","skilleddefence.com.au","7ae10423-9af5-4754-811a-4d2cffb7d777","iwf.com.au/Configuration/Schema/ms-Exch-Accepted-Domain","Microsoft.Exchange.Data.MultiValuedProperty`1[System.String]","9/12/2019 1:53:52 PM","6/06/2018 3:54:07 PM","9/12/2019 5:53:52 AM","6/06/2018 7:54:07 AM","","skilleddefence.com.au","NP1DC01.iwf.com.au","True","Unchanged"
"np1ex02.iwf.com.au","03c404ea-3a97-41b3-ad2d-289a1dc7751e","False","skillededucation.com.au",,"InternalRelay","False","True","False","False","False",,,"False","False","Federation",,"False","False","False","False","False","False","False","False","","0.1 (8.0.535.0)","skillededucation.com.au","CN=skillededucation.com.au,CN=Accepted Domains,CN=Transport Settings,CN=First Organization,CN=Microsoft Exchange,CN=Services,CN=Configuration,DC=iwf,DC=com,DC=au","skillededucation.com.au","aa1b5832-0c58-4aef-8a23-864a64a65012","iwf.com.au/Configuration/Schema/ms-Exch-Accepted-Domain","Microsoft.Exchange.Data.MultiValuedProperty`1[System.String]","9/12/2019 1:53:51 PM","6/06/2018 3:54:16 PM","9/12/2019 5:53:51 AM","6/06/2018 7:54:16 AM","","skillededucation.com.au","NP1DC01.iwf.com.au","True","Unchanged"
"np1ex02.iwf.com.au","03c404ea-3a97-41b3-ad2d-289a1dc7751e","False","skillednetwork.com.au",,"InternalRelay","False","True","False","False","False",,,"False","False","Federation",,"False","False","False","False","False","False","False","False","","0.1 (8.0.535.0)","skillednetwork.com.au","CN=skillednetwork.com.au,CN=Accepted Domains,CN=Transport Settings,CN=First Organization,CN=Microsoft Exchange,CN=Services,CN=Configuration,DC=iwf,DC=com,DC=au","skillednetwork.com.au","56fce199-bd37-4822-855e-3cac4aca37f1","iwf.com.au/Configuration/Schema/ms-Exch-Accepted-Domain","Microsoft.Exchange.Data.MultiValuedProperty`1[System.String]","9/12/2019 1:53:50 PM","6/06/2018 3:54:24 PM","9/12/2019 5:53:50 AM","6/06/2018 7:54:24 AM","","skillednetwork.com.au","NP1DC01.iwf.com.au","True","Unchanged"
"np1ex02.iwf.com.au","03c404ea-3a97-41b3-ad2d-289a1dc7751e","False","skilledoffshore.com",,"InternalRelay","False","True","False","False","False",,,"False","False",,,"False","False","False","False","False","False","False","False","","0.1 (8.0.535.0)","skilledoffshore.com","CN=skilledoffshore.com,CN=Accepted Domains,CN=Transport Settings,CN=First Organization,CN=Microsoft Exchange,CN=Services,CN=Configuration,DC=iwf,DC=com,DC=au","skilledoffshore.com","0f19a5eb-c44a-45ed-95cb-92afd667543e","iwf.com.au/Configuration/Schema/ms-Exch-Accepted-Domain","Microsoft.Exchange.Data.MultiValuedProperty`1[System.String]","4/12/2019 3:00:22 PM","6/06/2018 3:54:34 PM","4/12/2019 7:00:22 AM","6/06/2018 7:54:34 AM","","skilledoffshore.com","NP1DC01.iwf.com.au","True","Unchanged"
"np1ex02.iwf.com.au","03c404ea-3a97-41b3-ad2d-289a1dc7751e","False","skilledoffshore.com.au",,"InternalRelay","False","True","False","False","False",,,"False","False",,,"False","False","False","False","False","False","False","False","","0.1 (8.0.535.0)","skilledoffshore.com.au","CN=skilledoffshore.com.au,CN=Accepted Domains,CN=Transport Settings,CN=First Organization,CN=Microsoft Exchange,CN=Services,CN=Configuration,DC=iwf,DC=com,DC=au","skilledoffshore.com.au","9ae17ede-3878-4a9e-8946-cd37819232ab","iwf.com.au/Configuration/Schema/ms-Exch-Accepted-Domain","Microsoft.Exchange.Data.MultiValuedProperty`1[System.String]","4/12/2019 3:00:21 PM","6/06/2018 3:54:43 PM","4/12/2019 7:00:21 AM","6/06/2018 7:54:43 AM","","skilledoffshore.com.au","NP1DC01.iwf.com.au","True","Unchanged"
"np1ex02.iwf.com.au","03c404ea-3a97-41b3-ad2d-289a1dc7751e","False","skilledservices.com.au",,"InternalRelay","False","True","False","False","False",,,"False","False","Federation",,"False","False","False","False","False","False","False","False","","0.1 (8.0.535.0)","skilledservices.com.au","CN=skilledservices.com.au,CN=Accepted Domains,CN=Transport Settings,CN=First Organization,CN=Microsoft Exchange,CN=Services,CN=Configuration,DC=iwf,DC=com,DC=au","skilledservices.com.au","3def4b64-aecd-4e90-af07-8b43a06641d1","iwf.com.au/Configuration/Schema/ms-Exch-Accepted-Domain","Microsoft.Exchange.Data.MultiValuedProperty`1[System.String]","9/12/2019 1:53:49 PM","6/06/2018 3:54:51 PM","9/12/2019 5:53:49 AM","6/06/2018 7:54:51 AM","","skilledservices.com.au","NP1DC01.iwf.com.au","True","Unchanged"
"np1ex02.iwf.com.au","03c404ea-3a97-41b3-ad2d-289a1dc7751e","False","teamwork.com.au",,"InternalRelay","False","True","False","False","False",,,"False","False","Federation",,"False","False","False","False","False","False","False","False","","0.1 (8.0.535.0)","teamwork.com.au","CN=teamwork.com.au,CN=Accepted Domains,CN=Transport Settings,CN=First Organization,CN=Microsoft Exchange,CN=Services,CN=Configuration,DC=iwf,DC=com,DC=au","teamwork.com.au","c02f9f79-6353-4eb4-8edf-4c2f74ecf2bb","iwf.com.au/Configuration/Schema/ms-Exch-Accepted-Domain","Microsoft.Exchange.Data.MultiValuedProperty`1[System.String]","9/12/2019 1:53:48 PM","6/06/2018 3:55:00 PM","9/12/2019 5:53:48 AM","6/06/2018 7:55:00 AM","","teamwork.com.au","NP1DC01.iwf.com.au","True","Unchanged"
"np1ex02.iwf.com.au","03c404ea-3a97-41b3-ad2d-289a1dc7751e","False","tesa.com.au",,"InternalRelay","False","True","False","False","False",,,"False","False","Federation",,"False","False","False","False","False","False","False","False","","0.1 (8.0.535.0)","tesa.com.au","CN=tesa.com.au,CN=Accepted Domains,CN=Transport Settings,CN=First Organization,CN=Microsoft Exchange,CN=Services,CN=Configuration,DC=iwf,DC=com,DC=au","tesa.com.au","71f66e3b-b97d-4f2f-9194-ff8ccf860290","iwf.com.au/Configuration/Schema/ms-Exch-Accepted-Domain","Microsoft.Exchange.Data.MultiValuedProperty`1[System.String]","9/12/2019 1:53:47 PM","6/06/2018 3:55:09 PM","9/12/2019 5:53:47 AM","6/06/2018 7:55:09 AM","","tesa.com.au","NP1DC01.iwf.com.au","True","Unchanged"
"np1ex02.iwf.com.au","03c404ea-3a97-41b3-ad2d-289a1dc7751e","False","tesagroup.com.au",,"InternalRelay","False","True","False","False","False",,,"False","False","Federation",,"False","False","False","False","False","False","False","False","","0.1 (8.0.535.0)","tesagroup.com.au","CN=tesagroup.com.au,CN=Accepted Domains,CN=Transport Settings,CN=First Organization,CN=Microsoft Exchange,CN=Services,CN=Configuration,DC=iwf,DC=com,DC=au","tesagroup.com.au","01278782-ba42-4488-b394-db6e1f7c86e6","iwf.com.au/Configuration/Schema/ms-Exch-Accepted-Domain","Microsoft.Exchange.Data.MultiValuedProperty`1[System.String]","9/12/2019 1:53:46 PM","6/06/2018 3:55:18 PM","9/12/2019 5:53:46 AM","6/06/2018 7:55:18 AM","","tesagroup.com.au","NP1DC01.iwf.com.au","True","Unchanged"
"np1ex02.iwf.com.au","03c404ea-3a97-41b3-ad2d-289a1dc7751e","False","totalharbour.com.au",,"InternalRelay","False","True","False","False","False",,,"False","False","Federation",,"False","False","False","False","False","False","False","False","","0.1 (8.0.535.0)","totalharbour.com.au","CN=totalharbour.com.au,CN=Accepted Domains,CN=Transport Settings,CN=First Organization,CN=Microsoft Exchange,CN=Services,CN=Configuration,DC=iwf,DC=com,DC=au","totalharbour.com.au","9fe4f548-e443-4b0c-871d-09506bb0afd6","iwf.com.au/Configuration/Schema/ms-Exch-Accepted-Domain","Microsoft.Exchange.Data.MultiValuedProperty`1[System.String]","9/12/2019 1:53:45 PM","6/06/2018 3:55:28 PM","9/12/2019 5:53:45 AM","6/06/2018 7:55:28 AM","","totalharbour.com.au","NP1DC01.iwf.com.au","True","Unchanged"
"np1ex02.iwf.com.au","03c404ea-3a97-41b3-ad2d-289a1dc7751e","False","trinity.net.au",,"InternalRelay","False","True","False","False","False",,,"False","False","Federation",,"False","False","False","False","False","False","False","False","","0.1 (8.0.535.0)","trinity.net.au","CN=trinity.net.au,CN=Accepted Domains,CN=Transport Settings,CN=First Organization,CN=Microsoft Exchange,CN=Services,CN=Configuration,DC=iwf,DC=com,DC=au","trinity.net.au","fc56e41b-71b6-43f3-9419-a59496c9dfd4","iwf.com.au/Configuration/Schema/ms-Exch-Accepted-Domain","Microsoft.Exchange.Data.MultiValuedProperty`1[System.String]","9/12/2019 1:53:45 PM","6/06/2018 3:55:38 PM","9/12/2019 5:53:45 AM","6/06/2018 7:55:38 AM","","trinity.net.au","NP1DC01.iwf.com.au","True","Unchanged"
"np1ex02.iwf.com.au","03c404ea-3a97-41b3-ad2d-289a1dc7751e","False","trinityconsulting.com.au",,"InternalRelay","False","True","False","False","False",,,"False","False","Federation",,"False","False","False","False","False","False","False","False","","0.1 (8.0.535.0)","trinityconsulting.com.au","CN=trinityconsulting.com.au,CN=Accepted Domains,CN=Transport Settings,CN=First Organization,CN=Microsoft Exchange,CN=Services,CN=Configuration,DC=iwf,DC=com,DC=au","trinityconsulting.com.au","9116c1c2-a847-42bb-917a-ebb8d5222525","iwf.com.au/Configuration/Schema/ms-Exch-Accepted-Domain","Microsoft.Exchange.Data.MultiValuedProperty`1[System.String]","9/12/2019 1:53:44 PM","6/06/2018 3:55:49 PM","9/12/2019 5:53:44 AM","6/06/2018 7:55:49 AM","","trinityconsulting.com.au","NP1DC01.iwf.com.au","True","Unchanged"
"np1ex02.iwf.com.au","03c404ea-3a97-41b3-ad2d-289a1dc7751e","False","wineworkforce.com.au",,"InternalRelay","False","True","False","False","False",,,"False","False","Federation",,"False","False","False","False","False","False","False","False","","0.1 (8.0.535.0)","wineworkforce.com.au","CN=wineworkforce.com.au,CN=Accepted Domains,CN=Transport Settings,CN=First Organization,CN=Microsoft Exchange,CN=Services,CN=Configuration,DC=iwf,DC=com,DC=au","wineworkforce.com.au","c7ac193f-5f2d-42d9-af86-02ec9bb49fd5","iwf.com.au/Configuration/Schema/ms-Exch-Accepted-Domain","Microsoft.Exchange.Data.MultiValuedProperty`1[System.String]","9/12/2019 1:50:26 PM","6/06/2018 3:56:01 PM","9/12/2019 5:50:26 AM","6/06/2018 7:56:01 AM","","wineworkforce.com.au","NP1DC01.iwf.com.au","True","Unchanged"
"np1ex02.iwf.com.au","03c404ea-3a97-41b3-ad2d-289a1dc7751e","False","iwf.com.au",,"InternalRelay","False","False","False","False","False",,,"False","False",,,"False","False","False","False","False","False","False","False","","0.20 (15.0.0.0)","iwf.com.au","CN=iwf.com.au,CN=Accepted Domains,CN=Transport Settings,CN=First Organization,CN=Microsoft Exchange,CN=Services,CN=Configuration,DC=iwf,DC=com,DC=au","iwf.com.au","4df74ed9-388d-4147-b41c-aca6d27da5e8","iwf.com.au/Configuration/Schema/ms-Exch-Accepted-Domain","Microsoft.Exchange.Data.MultiValuedProperty`1[System.String]","17/06/2019 9:17:34 AM","17/06/2019 9:17:17 AM","17/06/2019 1:17:34 AM","17/06/2019 1:17:17 AM","","iwf.com.au","NP1DC01.iwf.com.au","True","Unchanged"
"np1ex02.iwf.com.au","03c404ea-3a97-41b3-ad2d-289a1dc7751e","False","fax.programmed.com.au",,"InternalRelay","False","False","False","False","False",,,"False","False",,,"False","False","False","False","False","False","False","False","","0.1 (8.0.535.0)","fax.programmed.com.au","CN=fax.programmed.com.au,CN=Accepted Domains,CN=Transport Settings,CN=First Organization,CN=Microsoft Exchange,CN=Services,CN=Configuration,DC=iwf,DC=com,DC=au","fax.programmed.com.au","64999133-b69f-40e9-bc12-3adf6a58f9c5","iwf.com.au/Configuration/Schema/ms-Exch-Accepted-Domain","Microsoft.Exchange.Data.MultiValuedProperty`1[System.String]","16/07/2019 4:32:33 PM","16/07/2019 4:32:19 PM","16/07/2019 8:32:33 AM","16/07/2019 8:32:19 AM","","fax.programmed.com.au","NP1DC01.iwf.com.au","True","Unchanged"
"np1ex02.iwf.com.au","03c404ea-3a97-41b3-ad2d-289a1dc7751e","False","intgroup.onmicrosoft.com",,"InternalRelay","False","False","False","False","False",,,"False","False",,,"False","False","False","False","False","False","False","False","","0.1 (8.0.535.0)","PublicFolderDestination_78c0b207_5ad2_4fee_8cb9_f373175b3f99","CN=PublicFolderDestination_78c0b207_5ad2_4fee_8cb9_f373175b3f99,CN=Accepted Domains,CN=Transport Settings,CN=First Organization,CN=Microsoft Exchange,CN=Services,CN=Configuration,DC=iwf,DC=com,DC=au","PublicFolderDestination_78c0b207_5ad2_4fee_8cb9_f373175b3f99","88590ff4-b28c-4d5d-a482-0c206bd90a0d","iwf.com.au/Configuration/Schema/ms-Exch-Accepted-Domain","Microsoft.Exchange.Data.MultiValuedProperty`1[System.String]","22/10/2019 1:33:16 PM","22/10/2019 1:33:07 PM","22/10/2019 5:33:16 AM","22/10/2019 5:33:07 AM","","PublicFolderDestination_78c0b207_5ad2_4fee_8cb9_f373175b3f99","NP1DC01.iwf.com.au","True","Unchanged"
"np1ex02.iwf.com.au","03c404ea-3a97-41b3-ad2d-289a1dc7751e","False","persolkelly.com.au",,"InternalRelay","False","False","False","False","False",,,"False","False","Federation",,"False","False","False","False","False","False","False","False","","0.20 (15.0.0.0)","persolkelly.com.au","CN=persolkelly.com.au,CN=Accepted Domains,CN=Transport Settings,CN=First Organization,CN=Microsoft Exchange,CN=Services,CN=Configuration,DC=iwf,DC=com,DC=au","persolkelly.com.au","666d6298-6541-4b12-bc10-d36ce90bd231","iwf.com.au/Configuration/Schema/ms-Exch-Accepted-Domain","Microsoft.Exchange.Data.MultiValuedProperty`1[System.String]","16/06/2020 12:22:32 PM","16/06/2020 12:17:31 PM","16/06/2020 4:22:32 AM","16/06/2020 4:17:31 AM","","persolkelly.com.au","NP1DC01.iwf.com.au","True","Unchanged"
"np1ex02.iwf.com.au","03c404ea-3a97-41b3-ad2d-289a1dc7751e","False","persolkelly.co.nz",,"InternalRelay","False","False","False","False","False",,,"False","False","Federation",,"False","False","False","False","False","False","False","False","","0.20 (15.0.0.0)","persolkelly.co.nz","CN=persolkelly.co.nz,CN=Accepted Domains,CN=Transport Settings,CN=First Organization,CN=Microsoft Exchange,CN=Services,CN=Configuration,DC=iwf,DC=com,DC=au","persolkelly.co.nz","d59191fb-d671-4d30-a7ea-32f5a95f5f0f","iwf.com.au/Configuration/Schema/ms-Exch-Accepted-Domain","Microsoft.Exchange.Data.MultiValuedProperty`1[System.String]","16/06/2020 12:22:32 PM","16/06/2020 12:17:47 PM","16/06/2020 4:22:32 AM","16/06/2020 4:17:47 AM","","persolkelly.co.nz","NP1DC01.iwf.com.au","True","Unchanged"
