DisplayName,PrimarySmtpAddress,Name,UserPrincipalName,Alias,RecipientType,RecipientTypeDetails,HiddenFromAddressListsEnabled
"ArchiveMgr JournalSKE","ArchiveMgr_JournalSKE@programmed.com.au","ArchiveMgr JournalSKE","ajournalske@programmed.com.au","ArchiveMgr_JournalSK","MailUser","MailUser","False"
"George Urbaniak External","gurbaniak@citywestwater.com.au","George Urbaniak","gurbaniak@staff.programmed.com.au","gurbaniak","MailUser","MailUser","False"
"LyncEnterprise-ApplicationAccount","LyncEnterprise-ApplicationAccount@integrated.com.au","LyncEnterprise-ApplicationAccount","LyncEnterprise-ApplicationAccount@programmed.com.au","LyncEnterprise-ApplicationAccount","MailUser","MailUser","True"
"NoReply-PIMWolAssetManagement","","NoReply-PIMWolAssetManagement","NoReply-PIMWolAssetManagement@programmed.com.au","NoReply-PIMWolAssetManagement","MailUser","MailUser","False"
"perms02_mitelccm","ccm@programmed.com.au","perms02_mitelccm","perms02_mitelccm@programmed.com.au","perms02","MailUser","MailUser","False"
"Programmed ICT Remote Support","ProgrammedICT_RemoteSupport@programmed.com.au","ProgrammedICT_RemoteSupport","ProgrammedICT_RemoteSupport@programmed.com.au","ProgrammedICT_RemoteSupport","MailUser","MailUser","False"
"Sarah Macmahon","Sarah.macmahon@orix.co.nz","Sarah Macmahon","Sarah.macmahon@programmed.com.au","Sarah.macmahon","MailUser","MailUser","False"
"svc.NP1SDW01_smtp","svc.NP1SDW01_smtp@external.com","svc.NP1SDW01_smtp","svc.NP1SDW01_smtp@programmed.com.au","svc.NP1SDW01_smtp","MailUser","MailUser","False"
"svc.SIG-PROD-CMS-01_SmartSign_CMS_PROD","svc.SIG-PROD-CMS-01_SmartSign_CMS_PROD@programmed.com.au","svc.SIG-PROD-CMS-01_SmartSign_CMS_PROD","svc.SIG-PROD-CMS-01_SmartSign_CMS_PROD@programmed.com.au","svc.SIG-PROD-CMS-01_SmartSign_CMS_PROD","MailUser","MailUser","False"
"svc.uatpgsql01ssrs","svc.uatpgsql01ssrs@programmed.com.au","svc.uatpgsql01ssrs","svc.uatpgsql01ssrs@programmed.com.au","svc.uatpgsql01ssrs","MailUser","MailUser","False"
