Identity,FolderName,User,AccessRights
"iwf.com.au/PRG/Shared Resources/Altona Delivery Centre:\Calendar","Calendar","Amy Murray","AvailabilityOnly"
"iwf.com.au/PRG/Shared Resources/Altona Delivery Centre:\Calendar","Calendar","NT:S-1-5-21-858237349-4279645165-3005076073-207375","AvailabilityOnly"
"iwf.com.au/PRG/Shared Resources/Altona Delivery Centre:\Calendar","Calendar","NT:S-1-5-21-858237349-4279645165-3005076073-230184","AvailabilityOnly"
"iwf.com.au/PRG/Shared Resources/Altona Delivery Centre:\Calendar","Calendar","NT:S-1-5-21-858237349-4279645165-3005076073-176926","Owner"
"iwf.com.au/PRG/Shared Resources/Altona MASST Assessments:\Calendar","Calendar","Default","CreateItems EditOwnedItems"
"iwf.com.au/PRG/Shared Resources/Altona MASST Assessments:\Calendar","Calendar","Luana Amajouyi","Editor"
"iwf.com.au/PRG/Shared Resources/Altona MASST Assessments:\Calendar","Calendar","NT:S-1-5-21-858237349-4279645165-3005076073-176926","Owner"
"iwf.com.au/PRG/Shared Resources/Altona MASST Assessments:\Calendar","Calendar","NT:S-1-5-21-858237349-4279645165-3005076073-184351","Author"
"iwf.com.au/PRG/Shared Resources/Altona MASST Assessments:\Calendar","Calendar","NT:S-1-5-21-858237349-4279645165-3005076073-176800","Editor"
"iwf.com.au/PRG/Shared Resources/Altona MASST Assessments:\Calendar","Calendar","NT:S-1-5-21-858237349-4279645165-3005076073-153839","Reviewer"
"iwf.com.au/PRG/Shared Resources/Central Admin:\Calendar","Calendar","Default","None"
"iwf.com.au/PRG/Shared Resources/Dual Cab Hire:\Calendar","Calendar","John Williams","Editor"
"iwf.com.au/PRG/Shared Resources/Dual Cab Hire:\Calendar","Calendar","Jodi Mason","Editor"
"iwf.com.au/Service Accounts/ictservicedesk:\Calendar","Calendar","Yvette Kenna","Owner"
"iwf.com.au/Service Accounts/ictservicedesk:\Calendar","Calendar","Andrew Connop","Owner"
"iwf.com.au/PRG/Shared Resources/PFM Central Mailbox:\Calendar","Calendar","Default","LimitedDetails"
"iwf.com.au/PRG/Shared Resources/PFM Central Mailbox:\Calendar","Calendar","Liz Eagleton","Editor"
"iwf.com.au/PRG/Shared Resources/PFM Central Mailbox:\Calendar","Calendar","Bronwyn Kemp","Editor"
"iwf.com.au/PRG/Shared Resources/PFM Central Mailbox:\Calendar","Calendar","Nicole Mangan","Editor"
"iwf.com.au/PRG/Shared Resources/PFM Central Mailbox:\Calendar","Calendar","Andrew Paterson","LimitedDetails"
"iwf.com.au/PRG/Shared Resources/PFM Central Mailbox:\Calendar","Calendar","Bree Reitinger","Editor"
"iwf.com.au/PRG/Shared Resources/PFM Central Mailbox:\Calendar","Calendar","NT:S-1-5-21-858237349-4279645165-3005076073-176895","CreateItems EditOwnedItems EditAllItems CreateSubfolders"
"iwf.com.au/PRG/Shared Resources/PFM Central Mailbox:\Calendar","Calendar","NT:S-1-5-21-858237349-4279645165-3005076073-164782","Owner"
"iwf.com.au/PRG/Shared Resources/PIW PSW Timesheets:\Calendar","Calendar","NT:S-1-5-21-858237349-4279645165-3005076073-148407","Editor"
"iwf.com.au/PRG/Shared Resources/ProgrammedFM Help:\Calendar","Calendar","NT:S-1-5-21-858237349-4279645165-3005076073-110322","Reviewer"
"iwf.com.au/PRG/Shared Resources/ProgrammedFM Help:\Calendar","Calendar","ProgrammedFM Dept","Editor"
"iwf.com.au/PRG/Shared Resources/ProgrammedFM VHA:\Calendar","Calendar","NT:S-1-5-21-858237349-4279645165-3005076073-140804","Editor"
"iwf.com.au/PRG/Shared Resources/PSW Pricing:\Calendar","Calendar","Candice Johnson","Owner"
"iwf.com.au/PRG/Shared Resources/QLD AV Service:\Calendar","Calendar","Default","PublishingEditor"
"iwf.com.au/PRG/Shared Resources/QLD AV Service:\Calendar","Calendar","Rob Taylor","Owner"
"iwf.com.au/PRG/Shared Resources/QLD AV Service:\Calendar","Calendar","Rajan Sivakathirvelu","Owner"
"iwf.com.au/PRG/Shared Resources/QLD AV Service:\Calendar","Calendar","Brad Thompson","Owner"
"iwf.com.au/PRG/Shared Resources/QLD AV Service:\Calendar","Calendar","Chris Hessen","ReadItems CreateItems EditOwnedItems CreateSubfolders FolderOwner FolderContact FolderVisible"
"iwf.com.au/PRG/Shared Resources/QLD AV Service:\Calendar","Calendar","Daniel Dittman","Owner"
"iwf.com.au/PRG/Shared Resources/QLD AV Service:\Calendar","Calendar","Peter Bennett","Owner"
"iwf.com.au/PRG/Shared Resources/QLD AV Service:\Calendar","Calendar","Mark Maxwell","Owner"
"iwf.com.au/PRG/Shared Resources/QLD AV Service:\Calendar","Calendar","Garren Eijkman","LimitedDetails"
"iwf.com.au/PRG/Shared Resources/QLD AV Service:\Calendar","Calendar","Brad Perry","ReadItems CreateItems EditOwnedItems CreateSubfolders FolderOwner FolderContact FolderVisible"
"iwf.com.au/PRG/Shared Resources/QLD AV Service:\Calendar","Calendar","Lance Auld","LimitedDetails"
"iwf.com.au/PRG/Shared Resources/QLD AV Service:\Calendar","Calendar","NT:S-1-5-21-858237349-4279645165-3005076073-148148","DeleteOwnedItems DeleteAllItems FolderOwner FolderContact FolderVisible"
"iwf.com.au/PRG/Shared Resources/QLD AV Service:\Calendar","Calendar","Stephen Hutchison","Owner"
"iwf.com.au/PRG/Shared Resources/QLD AV Service:\Calendar","Calendar","Robert Manego","Owner"
"iwf.com.au/PRG/Shared Resources/QLD AV Service:\Calendar","Calendar","Peter Byrne","Owner"
"iwf.com.au/PRG/Shared Resources/QLD AV Service:\Calendar","Calendar","NT:S-1-5-21-858237349-4279645165-3005076073-150285","Owner"
"iwf.com.au/PRG/Shared Resources/Reception Collins:\Calendar","Calendar","CollinsTR1@programmed.com.au","AvailabilityOnly"
"iwf.com.au/PRG/Shared Resources/Reception Collins:\Calendar","Calendar","CollinsBreakout@programmed.com.au","AvailabilityOnly"
"iwf.com.au/PRG/Shared Resources/Reception Collins:\Calendar","Calendar","Reception Collins","Editor"
"iwf.com.au/PRG/Shared Resources/recruitmentapprovals:\Calendar","Calendar","Michaela Lihou","None"
"iwf.com.au/PRG/Shared Resources/recruitmentapprovals:\Calendar","Calendar","Erin Leith","None"
"iwf.com.au/PRG/Shared Resources/recruitmentapprovals:\Calendar","Calendar","NT:S-1-5-21-858237349-4279645165-3005076073-133276","None"
"iwf.com.au/PRG/Shared Resources/recruitmentapprovals:\Calendar","Calendar","NT:S-1-5-21-858237349-4279645165-3005076073-99401","None"
