DisplayName,Name,GivenName,Surname,UserPrincipalName,Alias,SamAccountName,DistinguishedName,PrimarySmtpAddress,EmailAddresses,MailboxSizeMB,ArchiveSizeMB,Office,Title,RecipientType,RecipientTypeDetails,IsMailboxEnabled,LastLogonTime
"City West Water Interface","City West Water Interface","City West Water","Interface","CWWInterface@programmed.com.au","CWWInterface","CWWInterface","CN=City West Water Interface,OU=Shared Resources,OU=PRG,DC=iwf,DC=com,DC=au","CWWInterface@programmed.com.au","CityWestWater.Interface@programmed.com.au,CWWInterface@programmed.com.au,CityWestWater.Interface@intgroup.mail.onmicrosoft.com","2209","N/A","","Shared Mailbox","UserMailbox","UserMailbox","True","2020-06-14"
"City West Water Interface V2","City West Water Interface V2","City West Water","Interface V2","CityWestWater.InterfaceV2@programmed.com.au","CWWInterfaceV2","CWWInterfaceV2","CN=City West Water Interface V2,OU=Shared Resources,OU=PRG,DC=iwf,DC=com,DC=au","CityWestWater.InterfaceV2@programmed.com.au","CityWestWater.InterfaceV2@intgroup.mail.onmicrosoft.com,CWWInterfaceV2@programmed.com.au,CityWestWater.InterfaceV2@programmed.com.au","12275","N/A","","Shared Mailbox","UserMailbox","UserMailbox","True","2022-09-27"
"Discovery Search Mailbox","DiscoverySearchMailbox {D919BA05-46A6-415f-80AD-7E09334BB852}","","MsExchDiscoveryMailbox D919BA05-46A6-415f-80AD-7E09334BB852","SM_d2c7f9cab0f349509@programmed.com.au","DiscoverySearchMailbox{D919BA05-46A6-415f-80AD-7E09334BB852}","SM_d2c7f9cab0f349509","CN=DiscoverySearchMailbox {D919BA05-46A6-415f-80AD-7E09334BB852},OU=Service Accounts,DC=iwf,DC=com,DC=au","MsExchDiscoveryMailboxD919BA05-46A6-415f-80AD-7E09334BB852@programmed.com.au","DiscoverySearchMailbox{D919BA05-46A6-415f-80AD-7E09334BB852}2@programmed.com.au,MsExchDiscoveryMailboxD919BA05-46A6-415f-80AD-7E09334BB8522@intgroup.mail.onmicrosoft.com,MsExchDiscoveryMailboxD919BA05-46A6-415f-80AD-7E09334BB852@pmsltd.co.nz,MsExchDiscoveryMailboxD919BA05-46A6-415f-80AD-7E09334BB852@programmed.com.au,DiscoverySearchMailbox{D919BA05-46A6-415f-80AD-7E09334BB852}@intgroup.mail.onmicrosoft.com,MsExchDiscoveryMailboxD919BA05-46A6-415f-80AD-7E09334BB852@pmsltd.com.au,MsExchDiscoveryMailboxD919BA05-46A6-415f-80AD-7E09334BB852@intgroup.com.au,MsExchDiscoveryMailboxD919BA05-46A6-415f-80AD-7E09334BB852@integrated.com.au","199","N/A","","","UserMailbox","DiscoveryMailbox","True","2019-04-02"
"Exflow NoReply","Exflow NoReply","Exflow","NoReply","Exflow.NoReply@programmed.com.au","exflownoreply","exflownoreply","CN=Exflow NoReply,OU=Shared Resources,OU=PRG,DC=iwf,DC=com,DC=au","Exflow.NoReply@programmed.com.au","exflownoreply@programmed.com.au,Exflow.NoReply@intgroup.mail.onmicrosoft.com,exflow-noreply@programmed.com.au,Exflow.NoReply@programmed.com.au","2859","N/A","","Service Account","UserMailbox","UserMailbox","True",""
"Michael Eskitzis X","Michael Eskitzis X","Michael","Eskitzis X","Michael.EskitzisX@programmed.com.au","Michael.EskitzisX","Michael.EskitzisX","CN=Michael Eskitzis X,OU=Internal,OU=Admin Users,OU=Privileged Access,OU=PRG,DC=iwf,DC=com,DC=au","Michael.Eskitzis2@programmed.com.au","Michael.Eskitzis2@programmed.com.au,Michael.Eskitzis2@intgroup.mail.onmicrosoft.com","1","N/A","","","UserMailbox","UserMailbox","True","2019-08-21"
"PETNT","PET NT Services","","","PETNTServices@programmed.com.au","PETNTServices","PETNTServices","CN=PET NT Services,OU=Mailboxes,OU=SA,OU=AU,OU=KLM,OU=PRG,DC=iwf,DC=com,DC=au","PETNTServices@programmed.com.au","PETNTServices@intgroup.mail.onmicrosoft.com,PETNTServices@programmed.com.au","267","N/A","Glynde","Shared Mailbox","UserMailbox","UserMailbox","True","2022-10-11"
"PFM NZ","PFM NZ","PFM NZ","","pfmnz@programmed.co.nz","PFMNZ","PFMNZ","CN=PFM NZ,OU=Shared Resources,OU=PRG,DC=iwf,DC=com,DC=au","pfmnz@programmed.co.nz","PFMNZ@intgroup.mail.onmicrosoft.com,pfmnz@programmed.co.nz,PFMNZ_OLD@programmed.co.nz","35","69","","Shared Mailbox","UserMailbox","SharedMailbox","True","2022-10-04"
"PPSAccountspayabletest","PPSAccountspayabletest","PPSAccounts","payabletest","PPSAccountspayabletest@programmed.com.au","PPSAccountspayabletest","PPSAccountspayablet1","CN=PPSAccountspayabletest,DC=iwf,DC=com,DC=au","PPSAccounts.payabletest@programmed.com.au","PPSAccounts.payabletest@intgroup.mail.onmicrosoft.com,PPSAccounts.payabletest@programmed.com.au","35","N/A","","","UserMailbox","UserMailbox","True",""
"Programmed Facility Management AR","Programmed Facility Management AR","Programmed","Facility Management AR","ar@programmed.com.au","ar","ar","CN=Programmed Facility Management AR,OU=Shared Resources,OU=PRG,DC=iwf,DC=com,DC=au","AR@programmed.com.au","ar@intgroup.mail.onmicrosoft.com,AR@programmed.com.au","8633","N/A","FM - Lonsdale Street","Generic Account","UserMailbox","UserMailbox","True","2022-10-12"
"ProgrammedFM AHG","ProgrammedFM AHG","ProgrammedFM AHG","","ProgrammedFMAHG@staff.programmed.com.au","ProgrammedFMAHG","ProgrammedFMAHG","CN=ProgrammedFM AHG,OU=Shared Resources,OU=PRG,DC=iwf,DC=com,DC=au","ProgrammedFMAHG@intgroup.mail.onmicrosoft.com","ProgrammedFMAHG@intgroup.mail.onmicrosoft.com","270","6414","","Shared Mailbox","UserMailbox","UserMailbox","True","2022-10-12"
"ProgrammedFM Allocations","ProgrammedFM Allocations","ProgrammedFM Allocations","","ProgrammedFMAllocations@programmed.com.au","pfmallocations","pfmallocations","CN=ProgrammedFM Allocations,OU=Shared Resources,OU=PRG,DC=iwf,DC=com,DC=au","ProgrammedFMAllocations@programmed.com.au","ProgrammedFMAllocations@intgroup.mail.onmicrosoft.com,pfmallocations@programmed.com.au,ProgrammedFMAllocations@programmed.com.au","11","1299","","Shared Mailbox","UserMailbox","UserMailbox","True","2022-10-12"
"ProgrammedFM AMart Furniture","ProgrammedFM AMart Furniture","ProgrammedFM AMart Furniture","","pfmamartfurniture@programmed.com.au","pfmamartfurniture","pfmamartfurniture","CN=ProgrammedFM AMart Furniture,OU=Shared Resources,OU=PRG,DC=iwf,DC=com,DC=au","pfmamartfurniture@programmed.com.au","ProgrammedFMAMartFurniture@programmed.com.au,pfmamartfurniture@programmed.com.au,ProgrammedFMAMartFurniture@intgroup.mail.onmicrosoft.com","3","1011","","Shared Mailbox","UserMailbox","UserMailbox","True","2022-10-12"
"ProgrammedFM Baxter","ProgrammedFM Baxter","ProgrammedFM Baxter","","ProgrammedFMBaxter@staff.programmed.com.au","ProgrammedFMBaxter","ProgrammedFMBaxter","CN=ProgrammedFM Baxter,OU=Shared Resources,OU=PRG,DC=iwf,DC=com,DC=au","ProgrammedFMBaxter@intgroup.mail.onmicrosoft.com","ProgrammedFMBaxter@intgroup.mail.onmicrosoft.com","2128","N/A","","Shared Mailbox","UserMailbox","UserMailbox","True","2022-10-12"
"ProgrammedFM Brigidine Sisters","ProgrammedFM Brigidine Sisters","ProgrammedFM Brigidine Sisters","","PFMBrigidineSisters@programmed.com.au","PFMBrigidineSisters","PFMBrigidineSisters","CN=ProgrammedFM Brigidine Sisters,OU=Shared Resources,OU=PRG,DC=iwf,DC=com,DC=au","ProgrammedFM.BrigidineSisters@programmed.com.au","ProgrammedFM.BrigidineSisters@programmed.com.au,ProgrammedFM.BrigidineSisters@intgroup.mail.onmicrosoft.com","0","16","","Shared Mailbox","UserMailbox","UserMailbox","True","2022-10-12"
"ProgrammedFM Cancer Council","ProgrammedFM Cancer Council","ProgrammedFM Cancer Council","","pfmcancercouncil@programmed.com.au","pfmcancercouncil","pfmcancercouncil","CN=ProgrammedFM Cancer Council,OU=Shared Resources,OU=PRG,DC=iwf,DC=com,DC=au","pfmcancercouncil@programmed.com.au","ProgrammedFMCancerCouncil@programmed.com.au,pfmcancercouncil@programmed.com.au,ProgrammedFMCancerCouncil@intgroup.mail.onmicrosoft.com","0","0","","Shared Mailbox","UserMailbox","UserMailbox","True","2022-10-12"
"ProgrammedFM Catholic Healthcare","ProgrammedFM Catholic Healthcare","ProgrammedFM Catholic Healthcare","","PFMCatholicHealthcare@programmed.com.au","PFMCatholicHealthcare","PFMCatholicHealthcar","CN=ProgrammedFM Catholic Healthcare,OU=Shared Resources,OU=PRG,DC=iwf,DC=com,DC=au","PFMCatholicHealthcare@programmed.com.au","ProgrammedFM.CatholicHealthcare@programmed.com.au,PFMCatholicHealthcare@programmed.com.au,ProgrammedFM.CatholicHealthcare@intgroup.mail.onmicrosoft.com","0","1","","Shared Mailbox","UserMailbox","UserMailbox","True","2022-10-12"
"ProgrammedFM Cotton On","ProgrammedFM Cotton On","ProgrammedFM Cotton On","","ProgrammedFMCottonOn@programmed.com.au","ProgrammedFMCO","ProgrammedFMCO","CN=ProgrammedFM Cotton On,OU=Shared Resources,OU=PRG,DC=iwf,DC=com,DC=au","ProgrammedFMCottonon@programmed.com.au","ProgrammedFMCO@programmed.com.au,ProgrammedFMCottonOn@intgroup.mail.onmicrosoft.com,ProgrammedFMCottonon@programmed.com.au","0","3959","","Shared Mailbox","UserMailbox","UserMailbox","True","2022-10-12"
"ProgrammedFM Curtin Admin","ProgrammedFM Curtin Admin","ProgrammedFM Curtin Admin","","curtinadmin@programmed.com.au","curtinadmin","curtinadmin","CN=ProgrammedFM Curtin Admin,OU=Shared Resources,OU=PRG,DC=iwf,DC=com,DC=au","curtinadmin@programmed.com.au","curtinadmin@programmed.com.au,ProgrammedFMCurtinAdmin@programmed.com.au,ProgrammedFMCurtinAdmin@intgroup.mail.onmicrosoft.com","6588","N/A","","Shared Mailbox","UserMailbox","UserMailbox","True","2022-10-12"
"ProgrammedFM Daughters of Charity","ProgrammedFM Daughters of Charity","ProgrammedFM","Daughters of Charity","PFMDaughtersOfCharity@programmed.com.au","PFMDaughtersOfCharity","PFMDaughtersOfCharit","CN=ProgrammedFM Daughters of Charity,OU=Shared Resources,OU=PRG,DC=iwf,DC=com,DC=au","PFMDaughtersOfCharity@programmed.com.au","ProgrammedFM.DaughtersofCharity@programmed.com.au,PFMDaughtersOfCharity@programmed.com.au,ProgrammedFM.DaughtersofCharity@intgroup.mail.onmicrosoft.com","0","1","","Shared Mailbox","UserMailbox","UserMailbox","True","2022-10-12"
"ProgrammedFM Fonterra","ProgrammedFM Fonterra","ProgrammedFM Fonterra","","PFMFonterra@programmed.co.nz","ProgrammedFonterraNZ","ProgrammedFonterraNZ","CN=ProgrammedFM Fonterra,OU=Shared Resources,OU=PRG,DC=iwf,DC=com,DC=au","PFMFonterra@programmed.co.nz","ProgrammedFonterraNZ@intgroup.mail.onmicrosoft.com,ProgrammedFonterraNZ@programmed.com.au,PFMFonterra@programmed.co.nz","639","45369","","Shared Mailbox","UserMailbox","UserMailbox","True","2022-10-12"
"ProgrammedFM G8 Education","ProgrammedFM G8 Education","ProgrammedFM G8 Education","","pfmg8education@programmed.com.au","pfmg8education","pfmg8education","CN=ProgrammedFM G8 Education,OU=Shared Resources,OU=PRG,DC=iwf,DC=com,DC=au","pfmg8education@programmed.com.au","ProgrammedFMG8Education@programmed.com.au,pfmg8education@programmed.com.au,ProgrammedFMG8Education@intgroup.mail.onmicrosoft.com","0","389","","Shared Mailbox","UserMailbox","UserMailbox","True","2022-10-12"
"ProgrammedFM Hammond Care","ProgrammedFM Hammond Care","ProgrammedFM Hammond Care","","pfmhammondcare@programmed.com.au","pfmhammond","pfmhammond","CN=ProgrammedFM Hammond Care,OU=Shared Resources,OU=PRG,DC=iwf,DC=com,DC=au","pfmhammondcare@programmed.com.au","ProgrammedFMHammondCare@programmed.com.au,pfmhammondcare@programmed.com.au,ProgrammedFMHammondCare@intgroup.mail.onmicrosoft.com","8","36","","Shared Mailbox","UserMailbox","UserMailbox","True","2022-10-12"
"ProgrammedFM Handovers","ProgrammedFM Handovers","ProgrammedFM Handovers","","handovers@programmed.com.au","pfmhandovers","pfmhandovers","CN=ProgrammedFM Handovers,OU=Shared Resources,OU=PRG,DC=iwf,DC=com,DC=au","handovers@programmed.com.au","pfmhandovers@intgroup.mail.onmicrosoft.com,ProgrammedFMHandovers@programmed.com.au,handovers@programmed.com.au","1","17263","","Shared Mailbox","UserMailbox","UserMailbox","True","2022-10-12"
"ProgrammedFM Healthy Life","ProgrammedFM Healthy Life","ProgrammedFM Healthy Life","","ProgrammedFMHealthyLife@programmed.com.au","PFMHealthyLife","PFMHealthyLife","CN=ProgrammedFM Healthy Life,OU=Shared Resources,OU=PRG,DC=iwf,DC=com,DC=au","ProgrammedFMHealthyLife@programmed.com.au","PFMHealthyLife@programmed.com.au,ProgrammedFMHealthyLife@programmed.com.au,ProgrammedFMHealthyLife@intgroup.mail.onmicrosoft.com,PFMHealthyLife@intgroup.mail.onmicrosoft.com","0","1599","","Shared Mailbox","UserMailbox","UserMailbox","True","2022-10-12"
"ProgrammedFM Help","ProgrammedFM Help","ProgrammedFM Help","","programmedfmhelp@programmed.com.au","tungstenhelp","tungstenhelp","CN=ProgrammedFM Help,OU=Shared Resources,OU=PRG,DC=iwf,DC=com,DC=au","programmedfmhelp@programmed.com.au","THelp@pmsltd.com.au,programmedfmhelp@programmed.com.au,tungstenhelp@intgroup.mail.onmicrosoft.com,tungstenhelp@tungstengroup.com,tungstenhelp@pmsltd.com.au,THelp@tungstengroup.com","1219","24274","","Shared Mailbox","UserMailbox","UserMailbox","True","2022-10-12"
"ProgrammedFM Housing SA","ProgrammedFM Housing SA","","","pfmsaha@programmed.com.au","pfmsaha","pfmsaha","CN=ProgrammedFM Housing SA,OU=Shared Resources,OU=PRG,DC=iwf,DC=com,DC=au","pfmsaha@programmed.com.au","pfmsaha@intgroup.mail.onmicrosoft.com,pfmsaha@programmed.com.au","9","57","","Shared Mailbox","UserMailbox","UserMailbox","True","2022-10-12"
"ProgrammedFM Howards Storage World","ProgrammedFM Howards Storage World","ProgrammedFM Howards Storage World","","pfmhsw@programmed.com.au","ProgrammedFMHSW","ProgrammedFMHSW","CN=ProgrammedFM Howards Storage World,OU=Shared Resources,OU=PRG,DC=iwf,DC=com,DC=au","pfmhsw@programmed.com.au","ProgrammedFMHowardsStorageWorld@programmed.com.au,pfmhsw@programmed.com.au,ProgrammedFMHowardsStorageWorld@intgroup.mail.onmicrosoft.com,ProgrammedFMHSW@programmed.com.au","0","0","","Shared Mailbox","UserMailbox","UserMailbox","True","2022-10-12"
"ProgrammedFM Hoyts","ProgrammedFM Hoyts","ProgrammedFM Hoyts","","Programmedfmhoyts@programmed.com.au","ProgrammedFMHoyts","Programmedfmhoyts","CN=ProgrammedFM Hoyts,OU=Shared Resources,OU=PRG,DC=iwf,DC=com,DC=au","ProgrammedFMHoyts@programmed.com.au","ProgrammedFMHoyts@intgroup.mail.onmicrosoft.com,ProgrammedFMHoyts@programmed.com.au","35","573","","Shared Mailbox","UserMailbox","UserMailbox","True","2022-10-12"
"ProgrammedFM IAC","ProgrammedFM IAC","","ProgrammedFM IAC","IACPFM@programmed.com.au","pfmIllawarra","pfmIllawarra","CN=ProgrammedFM IAC,OU=Shared Resources,OU=PRG,DC=iwf,DC=com,DC=au","IACPFM@programmed.com.au","pfmIllawarra@programmed.com.au,IACPFM@programmed.com.au,ProgrammedFMIllawarraAboriginalCorporation@programmed.com.au,ProgrammedFMIllawarra@programmed.com.au,ProgrammedFMIllawarraAboriginalCorporation@intgroup.mail.onmicrosoft.com","151","N/A","","Shared Mailbox","UserMailbox","UserMailbox","True","2022-10-12"
"ProgrammedFM Karingal","ProgrammedFM Karingal","ProgrammedFM Karingal","","pfmkaringal@programmed.com.au","pfmkaringal","pfmkaringal","CN=ProgrammedFM Karingal,OU=Shared Resources,OU=PRG,DC=iwf,DC=com,DC=au","pfmkaringal@programmed.com.au","ProgrammedFMKaringal@programmed.com.au,pfmkaringal@programmed.com.au,ProgrammedFMKaringal@intgroup.mail.onmicrosoft.com","0","1","","Shared Mailbox","UserMailbox","UserMailbox","True","2022-10-12"
"ProgrammedFM Marist Sisters","ProgrammedFM Marist Sisters","ProgrammedFM Marist Sisters","","PFMMaristSisters@programmed.com.au","PFMMaristSisters","PFMMaristSisters","CN=ProgrammedFM Marist Sisters,OU=Shared Resources,OU=PRG,DC=iwf,DC=com,DC=au","PFMMaristSisters@programmed.com.au","ProgrammedFM.MaristSisters@programmed.com.au,PFMMaristSisters@programmed.com.au,ProgrammedFM.MaristSisters@intgroup.mail.onmicrosoft.com","0","30","","Shared Mailbox","UserMailbox","UserMailbox","True","2022-10-12"
"ProgrammedFM Missionary Sisters","ProgrammedFM Missionary Sisters","ProgrammedFM Missionary Sisters","","PFMMissionarySisters@programmed.com.au","ProgrammedFMmissionarysisters","ProgrammedMissionary","CN=ProgrammedFM Missionary Sisters,OU=Shared Resources,OU=PRG,DC=iwf,DC=com,DC=au","PFMMissionarySisters@programmed.com.au","ProgrammedFMmissionarysisters@intgroup.mail.onmicrosoft.com,PFMMissionarySisters@programmed.com.au,ProgrammedFMmissionarysisters@programmed.com.au","0","2","","Shared Mailbox","UserMailbox","UserMailbox","True","2022-10-12"
"ProgrammedFM MRF Monitoring","ProgrammedFM MRF Monitoring","","","pfm.mrfmonitoring@programmed.com.au","pfm.mrfmonitoring","pfm.mrfmonitoring","CN=ProgrammedFM MRF Monitoring,OU=Shared Resources,OU=PRG,DC=iwf,DC=com,DC=au","pfm.mrfmonitoring@programmed.com.au","pfm.mrfmonitoring@intgroup.mail.onmicrosoft.com,pfm.mrfmonitoring@programmed.com.au","0","216","","Shared Mailbox","UserMailbox","UserMailbox","True","2022-10-12"
"ProgrammedFM National Contracts","ProgrammedFM National Contracts","ProgrammedFM National Contracts","","pfmnationalcontracts2@programmed.com.au","PFMNC","PFMNC","CN=ProgrammedFM National Contracts,OU=Shared Resources,OU=PRG,DC=iwf,DC=com,DC=au","pfmnationalcontracts2@programmed.com.au","PFMNC@intgroup.mail.onmicrosoft.com,pfmnationalcontracts2@programmed.com.au","1","79","","Shared Mailbox","UserMailbox","UserMailbox","True","2022-10-12"
"ProgrammedFM NSC Afterhours","ProgrammedFM NSC Afterhours","ProgrammedFM NSC Afterhours","","ProgrammedFMNSCAfterhours@programmed.com.au","pfmnscahjobs","pfmnscahjobs","CN=ProgrammedFM NSC Afterhours,OU=Shared Resources,OU=PRG,DC=iwf,DC=com,DC=au","ProgrammedFMNSCAfterhours@programmed.com.au","ProgrammedFMNSCAfterhours@intgroup.mail.onmicrosoft.com,pfmnscahjobs@programmed.com.au,ProgrammedFMNSCAfterhours@programmed.com.au","4","2555","","Shared Mailbox","UserMailbox","UserMailbox","True","2022-10-12"
"ProgrammedFM NSC Fax","ProgrammedFM NSC Fax","ProgrammedFM NSC Fax","","programmedfm.nscfax@programmed.com.au","programmedfm.nscfax","programmedfm.nscfax","CN=ProgrammedFM NSC Fax,OU=Shared Mailboxes,OU=Parramatta,OU=NSW,OU=AU,OU=PFM,OU=PRG,DC=iwf,DC=com,DC=au","programmedfm.nscfax@programmed.com.au","ProgrammedFMNSCFax@programmed.com.au,programmedfm.nscfax@programmed.com.au,ProgrammedFMNSCFax@intgroup.mail.onmicrosoft.com","0","35","PFM NSC Fax-to-Email Queue","Shared Mailbox","UserMailbox","UserMailbox","True","2022-10-12"
"ProgrammedFM NSCLAHC","ProgrammedFM NSCLAHC","ProgrammedFM","NSCLAHC","pfmnsclahc@programmed.com.au","PFMNSCLAHC","pfmnsclahc","CN=ProgrammedFM NSCLAHC,OU=Shared Resources,OU=PRG,DC=iwf,DC=com,DC=au","ProgrammedFM.NSCLAHC@programmed.com.au","NSCLAHC@programmed.com.au,ProgrammedFM.NSCLAHC@intgroup.mail.onmicrosoft.com,ProgrammedFM.NSCLAHC@programmed.com.au","14","N/A","","","UserMailbox","UserMailbox","True","2022-10-12"
"ProgrammedFM Office of Environment and Heritage","ProgrammedFM Office of Environment and Heritage","ProgrammedFM Office of Environment and Heritage","","PFMOEH@programmed.com.au","PFMOEH","PFMOEH","CN=ProgrammedFM Office of Environment and Heritage,OU=Shared Resources,OU=PRG,DC=iwf,DC=com,DC=au","PFMOEH@programmed.com.au","ProgrammedFM.OEH@programmed.com.au,PFMOEH@programmed.com.au,ProgrammedFM.OEH@intgroup.mail.onmicrosoft.com","0","7","","Shared Mailbox","UserMailbox","UserMailbox","True","2022-10-12"
"ProgrammedFM Parmalat","ProgrammedFM Parmalat","ProgrammedFM Parmalat","","programmedFMParmalat@programmed.com.au","programmedFMParmalat","programmedFMParmalat","CN=ProgrammedFM Parmalat,OU=Shared Resources,OU=PRG,DC=iwf,DC=com,DC=au","programmedFMParmalat@programmed.com.au","programmedFMParmalat@intgroup.mail.onmicrosoft.com,programmedFMParmalat@programmed.com.au","285","5124","","Shared Mailbox","UserMailbox","UserMailbox","True","2022-10-12"
"ProgrammedFM Presentation Sisters","ProgrammedFM Presentation Sisters","ProgrammedFM Presentation Sisters","","PFMPresentationSisters@programmed.com.au","ProgrammedFMPresentationSisters","ProgrammedFMSisters","CN=ProgrammedFM Presentation Sisters,OU=Shared Resources,OU=PRG,DC=iwf,DC=com,DC=au","PFMPresentationSisters@programmed.com.au","ProgrammedFMPresentationSisters@intgroup.mail.onmicrosoft.com,PFMPresentationSisters@programmed.com.au,ProgrammedFMPresentationSisters@programmed.com.au","0","1","","Shared Mailbox","UserMailbox","SharedMailbox","True","2022-10-11"
"ProgrammedFM Priority 1","ProgrammedFM Priority 1","ProgrammedFM Priority 1","","PFMPriority1@programmed.com.au","PFMPriority1","PFMPriority1","CN=ProgrammedFM Priority 1,OU=Shared Resources,OU=PRG,DC=iwf,DC=com,DC=au","PFMPriority1@programmed.com.au","ProgrammedFMPriority1@programmed.com.au,PFMPriority1@programmed.com.au,ProgrammedFMPriority1@intgroup.mail.onmicrosoft.com","451","6048","","Shared Mailbox","UserMailbox","UserMailbox","True","2022-10-12"
"ProgrammedFM Puma Energy","ProgrammedFM Puma Energy","ProgrammedFM Puma Energy","","pfmpuma@programmed.com.au","pfmpuma","pfmpuma","CN=ProgrammedFM Puma Energy,OU=Shared Resources,OU=PRG,DC=iwf,DC=com,DC=au","pfmpuma@programmed.com.au","pfmpuma@programmed.com.au,PFM.Puma@programmed.com.au,PFM.Puma@intgroup.mail.onmicrosoft.com","0","1133","","Shared Mailbox","UserMailbox","UserMailbox","True","2022-10-12"
"ProgrammedFM Red Cross","ProgrammedFM Red Cross","ProgrammedFM Red Cross","","ProgrammedFM.RedCross@programmed.com.au","pfmredcross_new","pfmredcross_new","CN=ProgrammedFM Red Cross,OU=Shared Resources,OU=PRG,DC=iwf,DC=com,DC=au","ProgrammedFM.RedCross@programmed.com.au","ProgrammedFMRedCross@programmed.com.au,ProgrammedFM.RedCross@programmed.com.au,ProgrammedFM.RedCross@intgroup.mail.onmicrosoft.com,ProgrammedFMRedCross@intgroup.mail.onmicrosoft.com,pfmredcross@programmed.com.au","19","21269","","Shared Mailbox","UserMailbox","UserMailbox","True","2022-10-12"
"ProgrammedFM RIA","ProgrammedFM RIA","","","Programmedfmria@programmed.com.au","Programmedfmria","Programmedfmria","CN=ProgrammedFM RIA,OU=Shared Resources,OU=PRG,DC=iwf,DC=com,DC=au","Programmedfmria@programmed.com.au","Programmedfmria@intgroup.mail.onmicrosoft.com,Programmedfmria@programmed.com.au,UNKNOWN24f150@programmed.com.au","4","12541","FM - Lonsdale Street","Shared Mailbox","UserMailbox","UserMailbox","True","2022-10-12"
"ProgrammedFM Samsung","ProgrammedFM Samsung","ProgrammedFM Samsung","","pfmsamsung@programmed.com.au","pfmsamsung","pfmsamsung","CN=ProgrammedFM Samsung,OU=Shared Resources,OU=PRG,DC=iwf,DC=com,DC=au","pfmsamsung@programmed.com.au","pfmsamsung@programmed.com.au,ProgrammedFMSamsung@programmed.com.au,ProgrammedFMSamsung@intgroup.mail.onmicrosoft.com","0","0","","Shared Mailbox","UserMailbox","UserMailbox","True","2022-10-12"
"ProgrammedFM Seton Villa","ProgrammedFM Seton Villa","ProgrammedFM Seton Villa","","pfmsetonvilla@staff.programmed.com.au","pfmsetonvilla","pfmsetonvilla","CN=ProgrammedFM Seton Villa,OU=Shared Resources,OU=PRG,DC=iwf,DC=com,DC=au","ProgrammedFMSetonVilla@intgroup.mail.onmicrosoft.com","ProgrammedFMSetonVilla@intgroup.mail.onmicrosoft.com,ProgrammedSetonVilla@programmed.com.au","1","681","","Shared Mailbox","UserMailbox","UserMailbox","True","2022-10-12"
"ProgrammedFM Sydney Airport Faults","ProgrammedFM Sydney Airport Faults","","","sydairfault@programmed.com.au","sydairfault","sydairfault","CN=ProgrammedFM Sydney Airport Faults,OU=Shared Resources,OU=PRG,DC=iwf,DC=com,DC=au","sydairfault@programmed.com.au","sydairfault@intgroup.mail.onmicrosoft.com,sydairfault@programmed.com.au","16567","19024","","Shared Mailbox","UserMailbox","UserMailbox","True","2022-10-12"
"ProgrammedFM Tradelink","ProgrammedFM Tradelink","ProgrammedFM Tradelink","","pfmtradelink@programmed.com.au","pfmtradelink","pfmtradelink","CN=ProgrammedFM Tradelink,OU=Shared Resources,OU=PRG,DC=iwf,DC=com,DC=au","pfmtradelink@programmed.com.au","PFM.TradeLink@programmed.com.au,pfmtradelink@programmed.com.au,PFM.TradeLink@intgroup.mail.onmicrosoft.com","5","1936","","Shared Mailbox","UserMailbox","UserMailbox","True","2022-10-12"
"ProgrammedFM Uniting Ageing","ProgrammedFM Uniting Ageing","ProgrammedFM Uniting Ageing","","ProgrammedFMUCAging@programmed.com.au","PFMUCAgeing","PFMUCAgeing","CN=ProgrammedFM Uniting Ageing,OU=Shared Resources,OU=PRG,DC=iwf,DC=com,DC=au","ProgrammedFMUCAging@programmed.com.au","ProgrammedFMUnitingAgeing@programmed.com.au,ProgrammedFMUCAging@programmed.com.au,ProgrammedFMUnitingAgeing@intgroup.mail.onmicrosoft.com,ProgrammedFMUCAging@intgroup.mail.onmicrosoft.com,PFMUCAgeing@programmed.com.au","118","6542","FM - Parramatta","Shared Mailbox","UserMailbox","UserMailbox","True","2022-10-12"
"ProgrammedFM Uniting Communities","ProgrammedFM Uniting Communities","ProgrammedFM Uniting Communities","","ProgrammedFMUCCYPF@programmed.com.au","PFMUCCYPF","PFMUCCYPF","CN=ProgrammedFM Uniting Communities,OU=Shared Resources,OU=PRG,DC=iwf,DC=com,DC=au","ProgrammedFMUCCYPF@programmed.com.au","ProgrammedFMUnitingCommunities@programmed.com.au,ProgrammedFMUCCYPF@programmed.com.au,PFMUnitingCommunities@programmed.com.au,ProgrammedFMUnitingCommunities@intgroup.mail.onmicrosoft.com,ProgrammedFMUCCYPF@intgroup.mail.onmicrosoft.com,PFMUCCYPF@programmed.com.au","25","1793","FM - Parramatta","Shared Mailbox","UserMailbox","UserMailbox","True","2022-10-12"
"ProgrammedFM UOW","ProgrammedFM UOW","ProgrammedFM","UOW","programmedfmUOW@programmed.com.au","programmedfmUOW","programmedfmUOW","CN=ProgrammedFM UOW,OU=Shared Resources,OU=PRG,DC=iwf,DC=com,DC=au","programmedfmUOW@programmed.com.au","ProgrammedFM.UOW@programmed.com.au,programmedfmUOW@programmed.com.au,ProgrammedFM.UOW@intgroup.mail.onmicrosoft.com","8","4099","FM - Parramatta","Shared Mailbox","UserMailbox","UserMailbox","True","2022-10-12"
"ProgrammedFM VHA","ProgrammedFM VHA","ProgrammedFM VHA","","programmedfmvha@programmed.com.au","pfmvha","pfmvha","CN=ProgrammedFM VHA,OU=Shared Resources,OU=PRG,DC=iwf,DC=com,DC=au","programmedfmvha@programmed.com.au","pfmvha@intgroup.mail.onmicrosoft.com,programmedfmvha@programmed.com.au","1615","49130","","Shared Mailbox","UserMailbox","UserMailbox","True","2022-10-12"
"ProgrammedFM VSBA","ProgrammedFM VSBA","ProgrammedFM VSBA","","pfmvsba@programmed.com.au","pfmvsba","pfmvsba","CN=ProgrammedFM VSBA,OU=Shared Resources,OU=PRG,DC=iwf,DC=com,DC=au","pfmvsba@programmed.com.au","pfmvsba@programmed.com.au,ProgrammedFMVSBA@programmed.com.au,ProgrammedFMVSBA@intgroup.mail.onmicrosoft.com","27","208","","Shared Mailbox","UserMailbox","UserMailbox","True","2022-10-12"
"ProgrammedFM YVW Facilities","ProgrammedFM YVW Facilities","ProgrammedFM YVW Facilities","","ProgrammedFMYVWFacilities@programmed.com.au","YVWfacilities","YVWfacilities","CN=ProgrammedFM YVW Facilities,OU=Shared Resources,OU=PRG,DC=iwf,DC=com,DC=au","ProgrammedFMYVWFacilities@programmed.com.au","ProgrammedFMYVWFacilities@programmed.com.au,yvwfacilities@programmed.com.au,ProgrammedFMYVWFacilities@intgroup.mail.onmicrosoft.com","1","202","Clayton","Shared Mailbox","UserMailbox","UserMailbox","True","2022-10-12"
"Tamara Atia","Tamara Atia","Tamara","Atia","Tamara.Atia@programmed.com.au","tamaraa","Tamaraa","CN=Tamara Atia,OU=Users,OU=Collins Street,OU=VIC,OU=AU,OU=PHP,OU=PRG,DC=iwf,DC=com,DC=au","Tamara.Atia@programmed.com.au","Tamara.Atia@intgroup.mail.onmicrosoft.com,Tamara.Atia@programmed.com.au","49","N/A","VIC - Melbourne - Collins Street","Allocations Consultant","UserMailbox","UserMailbox","True","2022-10-11"
"Test.User01","Test User01","Test","User01","test.user01@programmed.com.au","test.user01","test.user01","CN=Test User01,OU=Users,OU=AKL,OU=BDS,OU=NZ,OU=PPS,OU=PRG,DC=iwf,DC=com,DC=au","Test.User01@programmed.com.au","Test.User01@programmed.com.au,Test.User01@intgroup.mail.onmicrosoft.com","0","N/A","","Testing Account","UserMailbox","UserMailbox","True","2022-04-08"
"test1-p2","test1-p2","test1-p2","","test1-p2@iwf.com.au","test1-p2","test1-p2","CN=test1-p2,OU=Users,OU=Burswood,OU=WA,OU=AU,OU=PFM,OU=PRG,DC=iwf,DC=com,DC=au","test1-p2@programmed.com.au","test1-p2@intgroup.mail.onmicrosoft.com,test1-p2@programmed.com.au","1","N/A","","","UserMailbox","UserMailbox","True","2022-07-11"
"UnitingCare Request","UnitingCare Request","UnitingCare","Request","UnitingCare.Request@programmed.com.au","UCrequest","UCrequest","CN=UnitingCare Request,OU=Shared Mailboxes,OU=Parramatta,OU=NSW,OU=AU,OU=PFM,OU=PRG,DC=iwf,DC=com,DC=au","UnitingCare.Request@programmed.com.au","UCrequest@programmed.com.au,UnitingCare.Request@intgroup.mail.onmicrosoft.com,UnitingCare.Request@programmed.com.au","82302","N/A","","Shared Mailbox","UserMailbox","SharedMailbox","True","2022-10-12"
