"PSComputerName","RunspaceId","PSShowComputerName","Priority","DlpPolicy","DlpPolicyId","Comments","ManuallyModified","ActivationDate","ExpiryDate","Description","RuleVersion","Conditions","Exceptions","Actions","State","Mode","RuleErrorAction","SenderAddressLocation","RuleSubType","UseLegacyRegex","From","FromMemberOf","FromScope","SentTo","SentToMemberOf","SentToScope","BetweenMemberOf1","BetweenMemberOf2","ManagerAddresses","ManagerForEvaluatedUser","SenderManagementRelationship","ADComparisonAttribute","ADComparisonOperator","SenderADAttributeContainsWords","SenderADAttributeMatchesPatterns","RecipientADAttributeContainsWords","RecipientADAttributeMatchesPatterns","AnyOfToHeader","AnyOfToHeaderMemberOf","AnyOfCcHeader","AnyOfCcHeaderMemberOf","AnyOfToCcHeader","AnyOfToCcHeaderMemberOf","HasClassification","HasNoClassification","SubjectContainsWords","SubjectOrBodyContainsWords","HeaderContainsMessageHeader","HeaderContainsWords","FromAddressContainsWords","SenderDomainIs","RecipientDomainIs","SubjectMatchesPatterns","SubjectOrBodyMatchesPatterns","HeaderMatchesMessageHeader","HeaderMatchesPatterns","FromAddressMatchesPatterns","AttachmentNameMatchesPatterns","AttachmentExtensionMatchesWords","AttachmentPropertyContainsWords","ContentCharacterSetContainsWords","HasSenderOverride","MessageContainsDataClassifications","MessageContainsAllDataClassifications","SenderIpRanges","SCLOver","AttachmentSizeOver","MessageSizeOver","WithImportance","MessageTypeMatches","RecipientAddressContainsWords","RecipientAddressMatchesPatterns","SenderInRecipientList","RecipientInSenderList","AttachmentContainsWords","AttachmentMatchesPatterns","AttachmentIsUnsupported","AttachmentProcessingLimitExceeded","AttachmentHasExecutableContent","AttachmentIsPasswordProtected","AnyOfRecipientAddressContainsWords","AnyOfRecipientAddressMatchesPatterns","ExceptIfFrom","ExceptIfFromMemberOf","ExceptIfFromScope","ExceptIfSentTo","ExceptIfSentToMemberOf","ExceptIfSentToScope","ExceptIfBetweenMemberOf1","ExceptIfBetweenMemberOf2","ExceptIfManagerAddresses","ExceptIfManagerForEvaluatedUser","ExceptIfSenderManagementRelationship","ExceptIfADComparisonAttribute","ExceptIfADComparisonOperator","ExceptIfSenderADAttributeContainsWords","ExceptIfSenderADAttributeMatchesPatterns","ExceptIfRecipientADAttributeContainsWords","ExceptIfRecipientADAttributeMatchesPatterns","ExceptIfAnyOfToHeader","ExceptIfAnyOfToHeaderMemberOf","ExceptIfAnyOfCcHeader","ExceptIfAnyOfCcHeaderMemberOf","ExceptIfAnyOfToCcHeader","ExceptIfAnyOfToCcHeaderMemberOf","ExceptIfHasClassification","ExceptIfHasNoClassification","ExceptIfSubjectContainsWords","ExceptIfSubjectOrBodyContainsWords","ExceptIfHeaderContainsMessageHeader","ExceptIfHeaderContainsWords","ExceptIfFromAddressContainsWords","ExceptIfSenderDomainIs","ExceptIfRecipientDomainIs","ExceptIfSubjectMatchesPatterns","ExceptIfSubjectOrBodyMatchesPatterns","ExceptIfHeaderMatchesMessageHeader","ExceptIfHeaderMatchesPatterns","ExceptIfFromAddressMatchesPatterns","ExceptIfAttachmentNameMatchesPatterns","ExceptIfAttachmentExtensionMatchesWords","ExceptIfAttachmentPropertyContainsWords","ExceptIfContentCharacterSetContainsWords","ExceptIfSCLOver","ExceptIfAttachmentSizeOver","ExceptIfMessageSizeOver","ExceptIfWithImportance","ExceptIfMessageTypeMatches","ExceptIfRecipientAddressContainsWords","ExceptIfRecipientAddressMatchesPatterns","ExceptIfSenderInRecipientList","ExceptIfRecipientInSenderList","ExceptIfAttachmentContainsWords","ExceptIfAttachmentMatchesPatterns","ExceptIfAttachmentIsUnsupported","ExceptIfAttachmentProcessingLimitExceeded","ExceptIfAttachmentHasExecutableContent","ExceptIfAttachmentIsPasswordProtected","ExceptIfAnyOfRecipientAddressContainsWords","ExceptIfAnyOfRecipientAddressMatchesPatterns","ExceptIfHasSenderOverride","ExceptIfMessageContainsDataClassifications","ExceptIfMessageContainsAllDataClassifications","ExceptIfSenderIpRanges","PrependSubject","SetAuditSeverity","ApplyClassification","ApplyHtmlDisclaimerLocation","ApplyHtmlDisclaimerText","ApplyHtmlDisclaimerFallbackAction","ApplyRightsProtectionTemplate","SetSCL","SetHeaderName","SetHeaderValue","RemoveHeader","AddToRecipients","CopyTo","BlindCopyTo","AddManagerAsRecipientType","ModerateMessageByUser","ModerateMessageByManager","RedirectMessageTo","RejectMessageEnhancedStatusCode","RejectMessageReasonText","DeleteMessage","Disconnect","Quarantine","SmtpRejectMessageRejectText","SmtpRejectMessageRejectStatusCode","LogEventText","StopRuleProcessing","SenderNotificationType","GenerateIncidentReport","IncidentReportContent","RouteMessageOutboundConnector","RouteMessageOutboundRequireTls","ApplyOME","RemoveOME","OMEExpiryDays","GenerateNotification","Identity","DistinguishedName","Guid","ImmutableId","OrganizationId","Name","IsValid","WhenChanged","ExchangeVersion","ObjectState"
"np1ex02.iwf.com.au","ebfd5e9a-4d9b-4943-aea6-be9fbc78c758","False","0",,"00000000-0000-0000-0000-000000000000","
","False",,,"If the message:
	sender ip addresses belong to one of these ranges: '60.251.51.166'
Take the following actions:
	Delete the message without notifying the recipient or sender
","15.0.2.0","Microsoft.Exchange.MessagingPolicies.Rules.Tasks.TransportRulePredicate[]",,"Microsoft.Exchange.MessagingPolicies.Rules.Tasks.TransportRuleAction[]","Disabled","Enforce","Ignore","Header","None","False",,,,,,,,,,,,,,,,,,,,,,,,,"False",,,,,,,,,,,,,,,,,"False",,,"Microsoft.Exchange.Data.MultiValuedProperty`1[Microsoft.Exchange.Data.IPRange]",,,,,,,,,,,,"False","False","False","False",,,,,,,,,,,,,,,,,,,,,,,,,,,"False",,,,,,,,,,,,,,,,,,,,,,,,,,,,"False","False","False","False",,,"False",,,,,,,,,,,,,,,,,,,,"False",,,,"True","False","False",,,,"False",,,,,"False","False","False","0",,"Default","CN=Default,CN=TransportVersioned,CN=Rules,CN=Transport Settings,CN=First Organization,CN=Microsoft Exchange,CN=Services,CN=Configuration,DC=iwf,DC=com,DC=au","b02f7383-adb2-4c2a-876e-1805d4e591e3","b02f7383-adb2-4c2a-876e-1805d4e591e3","","Default","True","16/06/2022 2:59:06 PM","0.1 (8.0.535.0)","Unchanged"
