"Identity","User","Access Rights"
"iwf.com.au/PRG/Shared Resources/PFM NZ","IWF\PFM Service Centre Sec","FullAccess"
"iwf.com.au/PRG/Shared Resources/PFM NZ","S-1-5-21-858237349-4279645165-3005076073-184565","FullAccess"
"iwf.com.au/PRG/Shared Resources/ProgrammedFM Presentation Sisters","IWF\JOHNHA","FullAccess"
"iwf.com.au/PRG/Shared Resources/ProgrammedFM Presentation Sisters","IWF\Nerileeh","FullAccess"
"iwf.com.au/PRG/Shared Resources/ProgrammedFM Presentation Sisters","IWF\chthomas","FullAccess"
"iwf.com.au/PRG/Shared Resources/ProgrammedFM Presentation Sisters","S-1-5-21-858237349-4279645165-3005076073-136092","FullAccess"
"iwf.com.au/PRG/Shared Resources/ProgrammedFM Presentation Sisters","IWF\PFM Service Centre Sec","FullAccess"
"iwf.com.au/PRG/Shared Resources/ProgrammedFM Presentation Sisters","S-1-5-21-858237349-4279645165-3005076073-140784","FullAccess"
"iwf.com.au/PRG/Shared Resources/ProgrammedFM Presentation Sisters","S-1-5-21-858237349-4279645165-3005076073-140804","FullAccess"
"iwf.com.au/PRG/Shared Resources/ProgrammedFM Presentation Sisters","IWF\AmSingh","FullAccess"
"iwf.com.au/PRG/Shared Resources/ProgrammedFM Presentation Sisters","IWF\mNicholls","FullAccess"
"iwf.com.au/PRG/Shared Resources/ProgrammedFM Presentation Sisters","S-1-5-21-858237349-4279645165-3005076073-141268","FullAccess"
"iwf.com.au/PRG/Shared Resources/ProgrammedFM Presentation Sisters","IWF\aSingh","FullAccess"
"iwf.com.au/PRG/Shared Resources/ProgrammedFM Presentation Sisters","S-1-5-21-858237349-4279645165-3005076073-146387","FullAccess"
"iwf.com.au/PRG/Shared Resources/ProgrammedFM Presentation Sisters","S-1-5-21-858237349-4279645165-3005076073-148526","FullAccess"
"iwf.com.au/PRG/Shared Resources/ProgrammedFM Presentation Sisters","S-1-5-21-858237349-4279645165-3005076073-150214","FullAccess"
"iwf.com.au/PRG/Shared Resources/ProgrammedFM Presentation Sisters","S-1-5-21-858237349-4279645165-3005076073-150349","FullAccess"
"iwf.com.au/PRG/Shared Resources/ProgrammedFM Presentation Sisters","S-1-5-21-858237349-4279645165-3005076073-153274","FullAccess"
"iwf.com.au/PRG/PFM/AU/NSW/Parramatta/Shared Mailboxes/UnitingCare Request","IWF\mcavill","FullAccess"
"iwf.com.au/PRG/PFM/AU/NSW/Parramatta/Shared Mailboxes/UnitingCare Request","IWF\JAdams","FullAccess"
"iwf.com.au/PRG/PFM/AU/NSW/Parramatta/Shared Mailboxes/UnitingCare Request","IWF\aPeters","FullAccess"
"iwf.com.au/PRG/PFM/AU/NSW/Parramatta/Shared Mailboxes/UnitingCare Request","S-1-5-21-858237349-4279645165-3005076073-140797","FullAccess"
"iwf.com.au/PRG/PFM/AU/NSW/Parramatta/Shared Mailboxes/UnitingCare Request","IWF\SDevaraj","FullAccess"
"iwf.com.au/PRG/PFM/AU/NSW/Parramatta/Shared Mailboxes/UnitingCare Request","IWF\PFM_NSW_UC","FullAccess"
"iwf.com.au/PRG/PFM/AU/NSW/Parramatta/Shared Mailboxes/UnitingCare Request","S-1-5-21-858237349-4279645165-3005076073-150214","FullAccess"
"iwf.com.au/PRG/PFM/AU/NSW/Parramatta/Shared Mailboxes/UnitingCare Request","S-1-5-21-858237349-4279645165-3005076073-150390","FullAccess"
"iwf.com.au/PRG/PFM/AU/NSW/Parramatta/Shared Mailboxes/UnitingCare Request","S-1-5-21-858237349-4279645165-3005076073-166698","FullAccess"
"iwf.com.au/PRG/PFM/AU/NSW/Parramatta/Shared Mailboxes/UnitingCare Request","IWF\PSalter","FullAccess"
"iwf.com.au/PRG/PFM/AU/NSW/Parramatta/Shared Mailboxes/UnitingCare Request","S-1-5-21-858237349-4279645165-3005076073-169909","FullAccess"
"iwf.com.au/PRG/PFM/AU/NSW/Parramatta/Shared Mailboxes/UnitingCare Request","S-1-5-21-858237349-4279645165-3005076073-170892","FullAccess"
"iwf.com.au/PRG/PFM/AU/NSW/Parramatta/Shared Mailboxes/UnitingCare Request","S-1-5-21-858237349-4279645165-3005076073-180102","FullAccess"
"iwf.com.au/PRG/PFM/AU/NSW/Parramatta/Shared Mailboxes/UnitingCare Request","IWF\Kelly.Stone","FullAccess"
"iwf.com.au/PRG/PFM/AU/NSW/Parramatta/Shared Mailboxes/UnitingCare Request","IWF\Glenn.Finnie","FullAccess"
"iwf.com.au/PRG/PFM/AU/NSW/Parramatta/Shared Mailboxes/UnitingCare Request","S-1-5-21-858237349-4279645165-3005076073-228805","FullAccess"
"iwf.com.au/PRG/PFM/AU/NSW/Parramatta/Shared Mailboxes/UnitingCare Request","S-1-5-21-858237349-4279645165-3005076073-230660","FullAccess"
"iwf.com.au/PRG/PFM/AU/NSW/Parramatta/Shared Mailboxes/UnitingCare Request","S-1-5-21-858237349-4279645165-3005076073-230914","FullAccess"
"iwf.com.au/PRG/PFM/AU/NSW/Parramatta/Shared Mailboxes/UnitingCare Request","S-1-5-21-858237349-4279645165-3005076073-247333","FullAccess"
"iwf.com.au/PRG/PFM/AU/NSW/Parramatta/Shared Mailboxes/UnitingCare Request","S-1-5-21-858237349-4279645165-3005076073-249675","FullAccess"
"iwf.com.au/PRG/PFM/AU/NSW/Parramatta/Shared Mailboxes/UnitingCare Request","S-1-5-21-858237349-4279645165-3005076073-253007","FullAccess"
"iwf.com.au/PRG/PFM/AU/NSW/Parramatta/Shared Mailboxes/UnitingCare Request","IWF\Shalvi.Shekhar","FullAccess"
"iwf.com.au/PRG/PFM/AU/NSW/Parramatta/Shared Mailboxes/UnitingCare Request","IWF\Kevin.Abbas","FullAccess"
"iwf.com.au/PRG/PFM/AU/NSW/Parramatta/Shared Mailboxes/UnitingCare Request","IWF\Alexa.Moses","FullAccess"
"iwf.com.au/PRG/PFM/AU/NSW/Parramatta/Shared Mailboxes/UnitingCare Request","IWF\Kilberd.Thevathasan","FullAccess"
"iwf.com.au/PRG/PFM/AU/NSW/Parramatta/Shared Mailboxes/UnitingCare Request","IWF\Fairuz.Islam","FullAccess"
"iwf.com.au/PRG/PFM/AU/NSW/Parramatta/Shared Mailboxes/UnitingCare Request","IWF\Natalie.Spirovski","FullAccess"
"iwf.com.au/PRG/PFM/AU/NSW/Parramatta/Shared Mailboxes/UnitingCare Request","IWF\Pooja.Kumar","FullAccess"
"iwf.com.au/PRG/PFM/AU/NSW/Parramatta/Shared Mailboxes/UnitingCare Request","IWF\Cathy.Ding","FullAccess"
"iwf.com.au/PRG/PFM/AU/NSW/Parramatta/Shared Mailboxes/UnitingCare Request","IWF\Linda.Macleod","FullAccess"
"iwf.com.au/PRG/PFM/AU/NSW/Parramatta/Shared Mailboxes/UnitingCare Request","IWF\Emma.Anlezark","FullAccess"
