"Identity","User","AccessRights"
"iwf.com.au/PRG/Shared Resources/City West Water Interface","S-1-5-21-858237349-4279645165-3005076073-70220","FullAccess"
"iwf.com.au/PRG/Shared Resources/City West Water Interface","IWF\MBS - City West Water Interface - FA","FullAccess"
"iwf.com.au/PRG/Shared Resources/City West Water Interface V2","S-1-5-21-858237349-4279645165-3005076073-70220","FullAccess"
"iwf.com.au/PRG/Shared Resources/City West Water Interface V2","IWF\MBS - City West Water Interface Test - FA","FullAccess"
"iwf.com.au/PRG/KLM/AU/SA/Mailboxes/PET NT Services","S-1-5-21-858237349-4279645165-3005076073-135928","FullAccess"
"iwf.com.au/PRG/KLM/AU/SA/Mailboxes/PET NT Services","S-1-5-21-858237349-4279645165-3005076073-170871","FullAccess"
"iwf.com.au/PRG/KLM/AU/SA/Mailboxes/PET NT Services","S-1-5-21-858237349-4279645165-3005076073-238290","FullAccess"
"iwf.com.au/PRG/KLM/AU/SA/Mailboxes/PET NT Services","S-1-5-21-858237349-4279645165-3005076073-243290","FullAccess"
"iwf.com.au/PRG/KLM/AU/SA/Mailboxes/PET NT Services","IWF\Kate.Hearn","FullAccess"
"iwf.com.au/PRG/Shared Resources/Programmed Facility Management AR","IWF\kerryd","FullAccess"
"iwf.com.au/PRG/Shared Resources/Programmed Facility Management AR","S-1-5-21-858237349-4279645165-3005076073-52759","FullAccess;DeleteItem"
"iwf.com.au/PRG/Shared Resources/Programmed Facility Management AR","IWF\STran","FullAccess"
"iwf.com.au/PRG/Shared Resources/Programmed Facility Management AR","S-1-5-21-858237349-4279645165-3005076073-53005","FullAccess;DeleteItem"
"iwf.com.au/PRG/Shared Resources/Programmed Facility Management AR","IWF\djayasuriya","FullAccess;DeleteItem"
"iwf.com.au/PRG/Shared Resources/Programmed Facility Management AR","S-1-5-21-858237349-4279645165-3005076073-76793","FullAccess"
"iwf.com.au/PRG/Shared Resources/Programmed Facility Management AR","S-1-5-21-858237349-4279645165-3005076073-88211","FullAccess;DeleteItem"
"iwf.com.au/PRG/Shared Resources/Programmed Facility Management AR","S-1-5-21-858237349-4279645165-3005076073-88221","FullAccess;DeleteItem"
"iwf.com.au/PRG/Shared Resources/Programmed Facility Management AR","S-1-5-21-858237349-4279645165-3005076073-101558","FullAccess;DeleteItem"
"iwf.com.au/PRG/Shared Resources/Programmed Facility Management AR","S-1-5-21-858237349-4279645165-3005076073-101804","FullAccess;DeleteItem"
"iwf.com.au/PRG/Shared Resources/Programmed Facility Management AR","S-1-5-21-858237349-4279645165-3005076073-110230","FullAccess;DeleteItem"
"iwf.com.au/PRG/Shared Resources/Programmed Facility Management AR","S-1-5-21-858237349-4279645165-3005076073-110404","FullAccess;DeleteItem"
"iwf.com.au/PRG/Shared Resources/Programmed Facility Management AR","S-1-5-21-858237349-4279645165-3005076073-131629","FullAccess;DeleteItem"
"iwf.com.au/PRG/Shared Resources/Programmed Facility Management AR","S-1-5-21-858237349-4279645165-3005076073-131804","FullAccess;DeleteItem"
"iwf.com.au/PRG/Shared Resources/Programmed Facility Management AR","S-1-5-21-858237349-4279645165-3005076073-132086","FullAccess;DeleteItem"
"iwf.com.au/PRG/Shared Resources/Programmed Facility Management AR","IWF\EmWilliams","FullAccess;DeleteItem"
"iwf.com.au/PRG/Shared Resources/Programmed Facility Management AR","S-1-5-21-858237349-4279645165-3005076073-133320","FullAccess;DeleteItem"
"iwf.com.au/PRG/Shared Resources/Programmed Facility Management AR","IWF\nFragomeni","FullAccess"
"iwf.com.au/PRG/Shared Resources/Programmed Facility Management AR","S-1-5-21-858237349-4279645165-3005076073-181002","FullAccess"
"iwf.com.au/PRG/Shared Resources/Programmed Facility Management AR","IWF\Marianna.Perrusio","FullAccess"
"iwf.com.au/PRG/Shared Resources/Programmed Facility Management AR","S-1-5-21-858237349-4279645165-3005076073-197715","FullAccess"
"iwf.com.au/PRG/Shared Resources/ProgrammedFM AHG","IWF\PFM Service Centre Sec","FullAccess"
"iwf.com.au/PRG/Shared Resources/ProgrammedFM AHG","S-1-5-21-858237349-4279645165-3005076073-228805","FullAccess"
"iwf.com.au/PRG/Shared Resources/ProgrammedFM AHG","IWF\Swapna.Gotety","FullAccess"
"iwf.com.au/PRG/Shared Resources/ProgrammedFM AHG","S-1-5-21-858237349-4279645165-3005076073-241546","FullAccess"
"iwf.com.au/PRG/Shared Resources/ProgrammedFM Allocations","S-1-5-21-858237349-4279645165-3005076073-228805","FullAccess"
"iwf.com.au/PRG/Shared Resources/ProgrammedFM Allocations","IWF\Swapna.Gotety","FullAccess"
"iwf.com.au/PRG/Shared Resources/ProgrammedFM Allocations","S-1-5-21-858237349-4279645165-3005076073-241546","FullAccess"
"iwf.com.au/PRG/Shared Resources/ProgrammedFM AMart Furniture","S-1-5-21-858237349-4279645165-3005076073-228805","FullAccess"
"iwf.com.au/PRG/Shared Resources/ProgrammedFM AMart Furniture","IWF\Swapna.Gotety","FullAccess"
"iwf.com.au/PRG/Shared Resources/ProgrammedFM AMart Furniture","S-1-5-21-858237349-4279645165-3005076073-241546","FullAccess"
"iwf.com.au/PRG/Shared Resources/ProgrammedFM Baxter","IWF\PFM Service Centre Sec","FullAccess"
"iwf.com.au/PRG/Shared Resources/ProgrammedFM Baxter","S-1-5-21-858237349-4279645165-3005076073-228805","FullAccess"
"iwf.com.au/PRG/Shared Resources/ProgrammedFM Baxter","IWF\Swapna.Gotety","FullAccess"
"iwf.com.au/PRG/Shared Resources/ProgrammedFM Baxter","S-1-5-21-858237349-4279645165-3005076073-241546","FullAccess"
"iwf.com.au/PRG/Shared Resources/ProgrammedFM Brigidine Sisters","IWF\JOHNHA","FullAccess"
"iwf.com.au/PRG/Shared Resources/ProgrammedFM Brigidine Sisters","IWF\Nerileeh","FullAccess"
"iwf.com.au/PRG/Shared Resources/ProgrammedFM Brigidine Sisters","IWF\chthomas","FullAccess"
"iwf.com.au/PRG/Shared Resources/ProgrammedFM Brigidine Sisters","IWF\PFM Service Centre Sec","FullAccess"
"iwf.com.au/PRG/Shared Resources/ProgrammedFM Brigidine Sisters","S-1-5-21-858237349-4279645165-3005076073-148526","FullAccess"
"iwf.com.au/PRG/Shared Resources/ProgrammedFM Brigidine Sisters","S-1-5-21-858237349-4279645165-3005076073-170805","FullAccess"
"iwf.com.au/PRG/Shared Resources/ProgrammedFM Cancer Council","S-1-5-21-858237349-4279645165-3005076073-228805","FullAccess"
"iwf.com.au/PRG/Shared Resources/ProgrammedFM Cancer Council","IWF\Swapna.Gotety","FullAccess"
"iwf.com.au/PRG/Shared Resources/ProgrammedFM Cancer Council","S-1-5-21-858237349-4279645165-3005076073-241546","FullAccess"
"iwf.com.au/PRG/Shared Resources/ProgrammedFM Catholic Healthcare","IWF\JOHNHA","FullAccess"
"iwf.com.au/PRG/Shared Resources/ProgrammedFM Catholic Healthcare","IWF\Nerileeh","FullAccess"
"iwf.com.au/PRG/Shared Resources/ProgrammedFM Catholic Healthcare","IWF\chthomas","FullAccess"
"iwf.com.au/PRG/Shared Resources/ProgrammedFM Catholic Healthcare","IWF\PFM Service Centre Sec","FullAccess"
"iwf.com.au/PRG/Shared Resources/ProgrammedFM Catholic Healthcare","S-1-5-21-858237349-4279645165-3005076073-148526","FullAccess"
"iwf.com.au/PRG/Shared Resources/ProgrammedFM Catholic Healthcare","S-1-5-21-858237349-4279645165-3005076073-153847","FullAccess"
"iwf.com.au/PRG/Shared Resources/ProgrammedFM Catholic Healthcare","S-1-5-21-858237349-4279645165-3005076073-170805","FullAccess"
"iwf.com.au/PRG/Shared Resources/ProgrammedFM Cotton On","IWF\PFM Service Centre Sec","FullAccess"
"iwf.com.au/PRG/Shared Resources/ProgrammedFM Curtin Admin","IWF\Louise.Caldwell","FullAccess"
"iwf.com.au/PRG/Shared Resources/ProgrammedFM Curtin Admin","IWF\Pierantonio.Orlando","FullAccess"
"iwf.com.au/PRG/Shared Resources/ProgrammedFM Curtin Admin","S-1-5-21-858237349-4279645165-3005076073-241790","FullAccess"
"iwf.com.au/PRG/Shared Resources/ProgrammedFM Curtin Admin","IWF\Cheryl.Prentice","FullAccess"
"iwf.com.au/PRG/Shared Resources/ProgrammedFM Curtin Admin","IWF\Right.User-Mailbox-ProgrammedFM Curtin Admin_Full Access","FullAccess"
"iwf.com.au/PRG/Shared Resources/ProgrammedFM Curtin Admin","S-1-5-21-858237349-4279645165-3005076073-243530","FullAccess"
"iwf.com.au/PRG/Shared Resources/ProgrammedFM Curtin Admin","IWF\Wayne.Phillips","FullAccess"
"iwf.com.au/PRG/Shared Resources/ProgrammedFM Daughters of Charity","IWF\JOHNHA","FullAccess"
"iwf.com.au/PRG/Shared Resources/ProgrammedFM Daughters of Charity","IWF\Nerileeh","FullAccess"
"iwf.com.au/PRG/Shared Resources/ProgrammedFM Daughters of Charity","IWF\chthomas","FullAccess"
"iwf.com.au/PRG/Shared Resources/ProgrammedFM Daughters of Charity","IWF\PFM Service Centre Sec","FullAccess"
"iwf.com.au/PRG/Shared Resources/ProgrammedFM Daughters of Charity","S-1-5-21-858237349-4279645165-3005076073-148526","FullAccess"
"iwf.com.au/PRG/Shared Resources/ProgrammedFM Daughters of Charity","S-1-5-21-858237349-4279645165-3005076073-170805","FullAccess"
"iwf.com.au/PRG/Shared Resources/ProgrammedFM Fonterra","IWF\PFM Service Centre Sec","FullAccess"
"iwf.com.au/PRG/Shared Resources/ProgrammedFM Fonterra","S-1-5-21-858237349-4279645165-3005076073-228805","FullAccess"
"iwf.com.au/PRG/Shared Resources/ProgrammedFM Fonterra","IWF\Swapna.Gotety","FullAccess"
"iwf.com.au/PRG/Shared Resources/ProgrammedFM Fonterra","S-1-5-21-858237349-4279645165-3005076073-241546","FullAccess"
"iwf.com.au/PRG/Shared Resources/ProgrammedFM G8 Education","IWF\PFM Service Centre Sec","FullAccess"
"iwf.com.au/PRG/Shared Resources/ProgrammedFM Handovers","IWF\PFM Service Centre Sec","FullAccess"
"iwf.com.au/PRG/Shared Resources/ProgrammedFM Handovers","S-1-5-21-858237349-4279645165-3005076073-228805","FullAccess"
"iwf.com.au/PRG/Shared Resources/ProgrammedFM Handovers","IWF\Swapna.Gotety","FullAccess"
"iwf.com.au/PRG/Shared Resources/ProgrammedFM Handovers","IWF\Debi.Farr","FullAccess"
"iwf.com.au/PRG/Shared Resources/ProgrammedFM Handovers","S-1-5-21-858237349-4279645165-3005076073-241546","FullAccess"
"iwf.com.au/PRG/Shared Resources/ProgrammedFM Handovers","IWF\kedhouse","FullAccess"
"iwf.com.au/PRG/Shared Resources/ProgrammedFM Handovers","IWF\mfitzell","FullAccess"
"iwf.com.au/PRG/Shared Resources/ProgrammedFM Handovers","IWF\okay","FullAccess"
"iwf.com.au/PRG/Shared Resources/ProgrammedFM Healthy Life","IWF\PFM Service Centre Sec","FullAccess"
"iwf.com.au/PRG/Shared Resources/ProgrammedFM Healthy Life","S-1-5-21-858237349-4279645165-3005076073-228805","FullAccess"
"iwf.com.au/PRG/Shared Resources/ProgrammedFM Healthy Life","IWF\Swapna.Gotety","FullAccess"
"iwf.com.au/PRG/Shared Resources/ProgrammedFM Healthy Life","S-1-5-21-858237349-4279645165-3005076073-241546","FullAccess"
"iwf.com.au/PRG/Shared Resources/ProgrammedFM Help","S-1-5-21-858237349-4279645165-3005076073-52764","DeleteItem"
"iwf.com.au/PRG/Shared Resources/ProgrammedFM Help","S-1-5-21-858237349-4279645165-3005076073-54864","ReadPermission"
"iwf.com.au/PRG/Shared Resources/ProgrammedFM Help","S-1-5-21-858237349-4279645165-3005076073-76912","DeleteItem"
"iwf.com.au/PRG/Shared Resources/ProgrammedFM Help","S-1-5-21-858237349-4279645165-3005076073-77412","DeleteItem"
"iwf.com.au/PRG/Shared Resources/ProgrammedFM Help","S-1-5-21-858237349-4279645165-3005076073-77414","DeleteItem"
"iwf.com.au/PRG/Shared Resources/ProgrammedFM Help","S-1-5-21-858237349-4279645165-3005076073-77435","DeleteItem"
"iwf.com.au/PRG/Shared Resources/ProgrammedFM Help","S-1-5-21-858237349-4279645165-3005076073-77568","DeleteItem"
"iwf.com.au/PRG/Shared Resources/ProgrammedFM Help","S-1-5-21-858237349-4279645165-3005076073-86520","DeleteItem"
"iwf.com.au/PRG/Shared Resources/ProgrammedFM Help","S-1-5-21-858237349-4279645165-3005076073-89660","DeleteItem"
"iwf.com.au/PRG/Shared Resources/ProgrammedFM Help","S-1-5-21-858237349-4279645165-3005076073-89705","DeleteItem"
"iwf.com.au/PRG/Shared Resources/ProgrammedFM Help","S-1-5-21-858237349-4279645165-3005076073-95655","DeleteItem"
"iwf.com.au/PRG/Shared Resources/ProgrammedFM Help","S-1-5-21-858237349-4279645165-3005076073-101558","DeleteItem"
"iwf.com.au/PRG/Shared Resources/ProgrammedFM Help","S-1-5-21-858237349-4279645165-3005076073-110368","DeleteItem"
"iwf.com.au/PRG/Shared Resources/ProgrammedFM Help","S-1-5-21-858237349-4279645165-3005076073-133342","DeleteItem"
"iwf.com.au/PRG/Shared Resources/ProgrammedFM Help","S-1-5-21-858237349-4279645165-3005076073-133343","DeleteItem"
"iwf.com.au/PRG/Shared Resources/ProgrammedFM Help","IWF\PFM Service Centre Sec","FullAccess"
"iwf.com.au/PRG/Shared Resources/ProgrammedFM Help","S-1-5-21-858237349-4279645165-3005076073-228805","FullAccess"
"iwf.com.au/PRG/Shared Resources/ProgrammedFM Help","IWF\Swapna.Gotety","FullAccess"
"iwf.com.au/PRG/Shared Resources/ProgrammedFM Help","S-1-5-21-858237349-4279645165-3005076073-241546","FullAccess"
"iwf.com.au/PRG/Shared Resources/ProgrammedFM Help","S-1-5-21-858237349-4279645165-3005076073-246478","FullAccess"
"iwf.com.au/PRG/Shared Resources/ProgrammedFM Housing SA","S-1-5-21-858237349-4279645165-3005076073-132083","FullAccess"
"iwf.com.au/PRG/Shared Resources/ProgrammedFM Housing SA","S-1-5-21-858237349-4279645165-3005076073-228805","FullAccess"
"iwf.com.au/PRG/Shared Resources/ProgrammedFM Housing SA","IWF\Swapna.Gotety","FullAccess"
"iwf.com.au/PRG/Shared Resources/ProgrammedFM Housing SA","S-1-5-21-858237349-4279645165-3005076073-241546","FullAccess"
"iwf.com.au/PRG/Shared Resources/ProgrammedFM Hoyts","IWF\PFM Service Centre Sec","FullAccess"
"iwf.com.au/PRG/Shared Resources/ProgrammedFM Hoyts","S-1-5-21-858237349-4279645165-3005076073-228805","FullAccess"
"iwf.com.au/PRG/Shared Resources/ProgrammedFM Hoyts","IWF\Swapna.Gotety","FullAccess"
"iwf.com.au/PRG/Shared Resources/ProgrammedFM Hoyts","S-1-5-21-858237349-4279645165-3005076073-241546","FullAccess"
"iwf.com.au/PRG/Shared Resources/ProgrammedFM IAC","IWF\PFM Service Centre Sec","FullAccess"
"iwf.com.au/PRG/Shared Resources/ProgrammedFM Karingal","IWF\PFM Service Centre Sec","FullAccess"
"iwf.com.au/PRG/Shared Resources/ProgrammedFM Marist Sisters","IWF\JOHNHA","FullAccess"
"iwf.com.au/PRG/Shared Resources/ProgrammedFM Marist Sisters","IWF\Nerileeh","FullAccess"
"iwf.com.au/PRG/Shared Resources/ProgrammedFM Marist Sisters","IWF\chthomas","FullAccess"
"iwf.com.au/PRG/Shared Resources/ProgrammedFM Marist Sisters","IWF\PFM Service Centre Sec","FullAccess"
"iwf.com.au/PRG/Shared Resources/ProgrammedFM Marist Sisters","S-1-5-21-858237349-4279645165-3005076073-148526","FullAccess"
"iwf.com.au/PRG/Shared Resources/ProgrammedFM Marist Sisters","S-1-5-21-858237349-4279645165-3005076073-170805","FullAccess"
"iwf.com.au/PRG/Shared Resources/ProgrammedFM Missionary Sisters","IWF\JOHNHA","FullAccess"
"iwf.com.au/PRG/Shared Resources/ProgrammedFM Missionary Sisters","IWF\Nerileeh","FullAccess"
"iwf.com.au/PRG/Shared Resources/ProgrammedFM Missionary Sisters","IWF\chthomas","FullAccess"
"iwf.com.au/PRG/Shared Resources/ProgrammedFM Missionary Sisters","S-1-5-21-858237349-4279645165-3005076073-136092","FullAccess"
"iwf.com.au/PRG/Shared Resources/ProgrammedFM Missionary Sisters","IWF\PFM Service Centre Sec","FullAccess"
"iwf.com.au/PRG/Shared Resources/ProgrammedFM Missionary Sisters","S-1-5-21-858237349-4279645165-3005076073-140784","FullAccess"
"iwf.com.au/PRG/Shared Resources/ProgrammedFM Missionary Sisters","S-1-5-21-858237349-4279645165-3005076073-140804","FullAccess"
"iwf.com.au/PRG/Shared Resources/ProgrammedFM Missionary Sisters","IWF\AmSingh","FullAccess"
"iwf.com.au/PRG/Shared Resources/ProgrammedFM Missionary Sisters","IWF\mNicholls","FullAccess"
"iwf.com.au/PRG/Shared Resources/ProgrammedFM Missionary Sisters","S-1-5-21-858237349-4279645165-3005076073-141268","FullAccess"
"iwf.com.au/PRG/Shared Resources/ProgrammedFM Missionary Sisters","IWF\aSingh","FullAccess"
"iwf.com.au/PRG/Shared Resources/ProgrammedFM Missionary Sisters","S-1-5-21-858237349-4279645165-3005076073-146387","FullAccess"
"iwf.com.au/PRG/Shared Resources/ProgrammedFM Missionary Sisters","S-1-5-21-858237349-4279645165-3005076073-148526","FullAccess"
"iwf.com.au/PRG/Shared Resources/ProgrammedFM Missionary Sisters","S-1-5-21-858237349-4279645165-3005076073-150214","FullAccess"
"iwf.com.au/PRG/Shared Resources/ProgrammedFM Missionary Sisters","S-1-5-21-858237349-4279645165-3005076073-150349","FullAccess"
"iwf.com.au/PRG/Shared Resources/ProgrammedFM Missionary Sisters","S-1-5-21-858237349-4279645165-3005076073-153274","FullAccess"
"iwf.com.au/PRG/Shared Resources/ProgrammedFM MRF Monitoring","S-1-5-21-858237349-4279645165-3005076073-228805","FullAccess"
"iwf.com.au/PRG/Shared Resources/ProgrammedFM MRF Monitoring","IWF\Swapna.Gotety","FullAccess"
"iwf.com.au/PRG/Shared Resources/ProgrammedFM MRF Monitoring","S-1-5-21-858237349-4279645165-3005076073-241546","FullAccess"
"iwf.com.au/PRG/Shared Resources/ProgrammedFM National Contracts","S-1-5-21-858237349-4279645165-3005076073-74283","FullAccess;DeleteItem"
"iwf.com.au/PRG/Shared Resources/ProgrammedFM National Contracts","IWF\chthomas","FullAccess;DeleteItem"
"iwf.com.au/PRG/Shared Resources/ProgrammedFM National Contracts","IWF\PFM Call Centre","FullAccess"
"iwf.com.au/PRG/Shared Resources/ProgrammedFM National Contracts","S-1-5-21-858237349-4279645165-3005076073-228805","FullAccess"
"iwf.com.au/PRG/Shared Resources/ProgrammedFM National Contracts","IWF\Swapna.Gotety","FullAccess"
"iwf.com.au/PRG/Shared Resources/ProgrammedFM National Contracts","S-1-5-21-858237349-4279645165-3005076073-241546","FullAccess"
"iwf.com.au/PRG/Shared Resources/ProgrammedFM NSC Afterhours","S-1-5-21-858237349-4279645165-3005076073-228805","FullAccess"
"iwf.com.au/PRG/Shared Resources/ProgrammedFM NSC Afterhours","IWF\Swapna.Gotety","FullAccess"
"iwf.com.au/PRG/Shared Resources/ProgrammedFM NSC Afterhours","S-1-5-21-858237349-4279645165-3005076073-241546","FullAccess"
"iwf.com.au/PRG/Shared Resources/ProgrammedFM NSCLAHC","IWF\Swapna.Gotety","FullAccess"
"iwf.com.au/PRG/Shared Resources/ProgrammedFM NSCLAHC","IWF\Tupou.SuliWilliams","FullAccess"
"iwf.com.au/PRG/Shared Resources/ProgrammedFM NSCLAHC","S-1-5-21-858237349-4279645165-3005076073-262789","FullAccess"
"iwf.com.au/PRG/Shared Resources/ProgrammedFM NSCLAHC","S-1-5-21-858237349-4279645165-3005076073-262814","FullAccess"
"iwf.com.au/PRG/Shared Resources/ProgrammedFM NSCLAHC","IWF\Ramu.Madduri","FullAccess"
"iwf.com.au/PRG/Shared Resources/ProgrammedFM NSCLAHC","IWF\Bradford.Williams","FullAccess"
"iwf.com.au/PRG/Shared Resources/ProgrammedFM Office of Environment and Heritage","IWF\JOHNHA","FullAccess"
"iwf.com.au/PRG/Shared Resources/ProgrammedFM Office of Environment and Heritage","IWF\Nerileeh","FullAccess"
"iwf.com.au/PRG/Shared Resources/ProgrammedFM Office of Environment and Heritage","IWF\chthomas","FullAccess"
"iwf.com.au/PRG/Shared Resources/ProgrammedFM Office of Environment and Heritage","IWF\PFM Service Centre Sec","FullAccess"
"iwf.com.au/PRG/Shared Resources/ProgrammedFM Office of Environment and Heritage","S-1-5-21-858237349-4279645165-3005076073-148526","FullAccess"
"iwf.com.au/PRG/Shared Resources/ProgrammedFM Parmalat","IWF\PFM Service Centre Sec","FullAccess"
"iwf.com.au/PRG/Shared Resources/ProgrammedFM Parmalat","S-1-5-21-858237349-4279645165-3005076073-228805","FullAccess"
"iwf.com.au/PRG/Shared Resources/ProgrammedFM Parmalat","IWF\Swapna.Gotety","FullAccess"
"iwf.com.au/PRG/Shared Resources/ProgrammedFM Parmalat","S-1-5-21-858237349-4279645165-3005076073-241546","FullAccess"
"iwf.com.au/PRG/Shared Resources/ProgrammedFM Priority 1","IWF\PFM Service Centre Sec","FullAccess"
"iwf.com.au/PRG/Shared Resources/ProgrammedFM Priority 1","IWF\PFM_NSC_AGENTS","FullAccess"
"iwf.com.au/PRG/Shared Resources/ProgrammedFM Priority 1","IWF\PFM_NSC_ADMINS","FullAccess"
"iwf.com.au/PRG/Shared Resources/ProgrammedFM Priority 1","S-1-5-21-858237349-4279645165-3005076073-228805","FullAccess"
"iwf.com.au/PRG/Shared Resources/ProgrammedFM Priority 1","IWF\Swapna.Gotety","FullAccess"
"iwf.com.au/PRG/Shared Resources/ProgrammedFM Priority 1","S-1-5-21-858237349-4279645165-3005076073-241546","FullAccess"
"iwf.com.au/PRG/Shared Resources/ProgrammedFM Puma Energy","IWF\PFM Service Centre Sec","FullAccess"
"iwf.com.au/PRG/Shared Resources/ProgrammedFM Puma Energy","S-1-5-21-858237349-4279645165-3005076073-148526","FullAccess"
"iwf.com.au/PRG/Shared Resources/ProgrammedFM Puma Energy","S-1-5-21-858237349-4279645165-3005076073-228805","FullAccess"
"iwf.com.au/PRG/Shared Resources/ProgrammedFM Puma Energy","IWF\Swapna.Gotety","FullAccess"
"iwf.com.au/PRG/Shared Resources/ProgrammedFM Puma Energy","S-1-5-21-858237349-4279645165-3005076073-241546","FullAccess"
"iwf.com.au/PRG/Shared Resources/ProgrammedFM Red Cross","IWF\PFM Call Centre","FullAccess"
"iwf.com.au/PRG/Shared Resources/ProgrammedFM Red Cross","IWF\PFM Service Centre Sec","FullAccess"
"iwf.com.au/PRG/Shared Resources/ProgrammedFM Red Cross","IWF\PERMS13_MitelCCM","FullAccess"
"iwf.com.au/PRG/Shared Resources/ProgrammedFM Red Cross","S-1-5-21-858237349-4279645165-3005076073-228805","FullAccess"
"iwf.com.au/PRG/Shared Resources/ProgrammedFM Red Cross","IWF\Swapna.Gotety","FullAccess"
"iwf.com.au/PRG/Shared Resources/ProgrammedFM Red Cross","S-1-5-21-858237349-4279645165-3005076073-241546","FullAccess"
"iwf.com.au/PRG/Shared Resources/ProgrammedFM RIA","S-1-5-21-858237349-4279645165-3005076073-52764","DeleteItem"
"iwf.com.au/PRG/Shared Resources/ProgrammedFM RIA","S-1-5-21-858237349-4279645165-3005076073-52819","DeleteItem"
"iwf.com.au/PRG/Shared Resources/ProgrammedFM RIA","S-1-5-21-858237349-4279645165-3005076073-52862","DeleteItem"
"iwf.com.au/PRG/Shared Resources/ProgrammedFM RIA","S-1-5-21-858237349-4279645165-3005076073-52909","DeleteItem"
"iwf.com.au/PRG/Shared Resources/ProgrammedFM RIA","S-1-5-21-858237349-4279645165-3005076073-67709","DeleteItem"
"iwf.com.au/PRG/Shared Resources/ProgrammedFM RIA","S-1-5-21-858237349-4279645165-3005076073-76991","DeleteItem"
"iwf.com.au/PRG/Shared Resources/ProgrammedFM RIA","IWF\psnelleksz","DeleteItem"
"iwf.com.au/PRG/Shared Resources/ProgrammedFM RIA","S-1-5-21-858237349-4279645165-3005076073-85186","DeleteItem"
"iwf.com.au/PRG/Shared Resources/ProgrammedFM RIA","S-1-5-21-858237349-4279645165-3005076073-86520","DeleteItem"
"iwf.com.au/PRG/Shared Resources/ProgrammedFM RIA","S-1-5-21-858237349-4279645165-3005076073-89705","DeleteItem"
"iwf.com.au/PRG/Shared Resources/ProgrammedFM RIA","S-1-5-21-858237349-4279645165-3005076073-95655","DeleteItem"
"iwf.com.au/PRG/Shared Resources/ProgrammedFM RIA","IWF\PFM Call Centre","DeleteItem"
"iwf.com.au/PRG/Shared Resources/ProgrammedFM RIA","S-1-5-21-858237349-4279645165-3005076073-99252","DeleteItem"
"iwf.com.au/PRG/Shared Resources/ProgrammedFM RIA","S-1-5-21-858237349-4279645165-3005076073-99275","DeleteItem"
"iwf.com.au/PRG/Shared Resources/ProgrammedFM RIA","S-1-5-21-858237349-4279645165-3005076073-101558","DeleteItem"
"iwf.com.au/PRG/Shared Resources/ProgrammedFM RIA","S-1-5-21-858237349-4279645165-3005076073-110117","DeleteItem"
"iwf.com.au/PRG/Shared Resources/ProgrammedFM RIA","S-1-5-21-858237349-4279645165-3005076073-110228","DeleteItem"
"iwf.com.au/PRG/Shared Resources/ProgrammedFM RIA","S-1-5-21-858237349-4279645165-3005076073-110330","DeleteItem"
"iwf.com.au/PRG/Shared Resources/ProgrammedFM RIA","S-1-5-21-858237349-4279645165-3005076073-110336","DeleteItem"
"iwf.com.au/PRG/Shared Resources/ProgrammedFM RIA","S-1-5-21-858237349-4279645165-3005076073-110368","DeleteItem"
"iwf.com.au/PRG/Shared Resources/ProgrammedFM RIA","S-1-5-21-858237349-4279645165-3005076073-131778","FullAccess"
"iwf.com.au/PRG/Shared Resources/ProgrammedFM RIA","S-1-5-21-858237349-4279645165-3005076073-133342","DeleteItem"
"iwf.com.au/PRG/Shared Resources/ProgrammedFM RIA","S-1-5-21-858237349-4279645165-3005076073-133343","DeleteItem"
"iwf.com.au/PRG/Shared Resources/ProgrammedFM RIA","S-1-5-21-858237349-4279645165-3005076073-133442","FullAccess"
"iwf.com.au/PRG/Shared Resources/ProgrammedFM RIA","IWF\PFM Service Centre Sec","FullAccess"
"iwf.com.au/PRG/Shared Resources/ProgrammedFM RIA","IWF\aSingh","FullAccess"
"iwf.com.au/PRG/Shared Resources/ProgrammedFM RIA","S-1-5-21-858237349-4279645165-3005076073-166764","FullAccess"
"iwf.com.au/PRG/Shared Resources/ProgrammedFM Seton Villa","IWF\PFM Service Centre Sec","FullAccess"
"iwf.com.au/PRG/Shared Resources/ProgrammedFM Seton Villa","S-1-5-21-858237349-4279645165-3005076073-228805","FullAccess"
"iwf.com.au/PRG/Shared Resources/ProgrammedFM Seton Villa","IWF\Swapna.Gotety","FullAccess"
"iwf.com.au/PRG/Shared Resources/ProgrammedFM Seton Villa","S-1-5-21-858237349-4279645165-3005076073-241546","FullAccess"
"iwf.com.au/PRG/Shared Resources/ProgrammedFM Sydney Airport Faults","IWF\JAdams","FullAccess"
"iwf.com.au/PRG/Shared Resources/ProgrammedFM Sydney Airport Faults","IWF\AmSingh","FullAccess"
"iwf.com.au/PRG/Shared Resources/ProgrammedFM Sydney Airport Faults","IWF\KSly","FullAccess"
"iwf.com.au/PRG/Shared Resources/ProgrammedFM Sydney Airport Faults","S-1-5-21-858237349-4279645165-3005076073-184540","FullAccess"
"iwf.com.au/PRG/Shared Resources/ProgrammedFM Sydney Airport Faults","S-1-5-21-858237349-4279645165-3005076073-228805","FullAccess"
"iwf.com.au/PRG/Shared Resources/ProgrammedFM Sydney Airport Faults","IWF\Swapna.Gotety","FullAccess"
"iwf.com.au/PRG/Shared Resources/ProgrammedFM Sydney Airport Faults","S-1-5-21-858237349-4279645165-3005076073-241546","FullAccess"
"iwf.com.au/PRG/Shared Resources/ProgrammedFM Sydney Airport Faults","S-1-5-21-858237349-4279645165-3005076073-246230","FullAccess"
"iwf.com.au/PRG/Shared Resources/ProgrammedFM Sydney Airport Faults","IWF\Borce.Srbinoski","FullAccess"
"iwf.com.au/PRG/Shared Resources/ProgrammedFM Sydney Airport Faults","IWF\Larry.Cislowski","FullAccess"
"iwf.com.au/PRG/Shared Resources/ProgrammedFM Sydney Airport Faults","IWF\Peter.Ross","FullAccess"
"iwf.com.au/PRG/Shared Resources/ProgrammedFM Sydney Airport Faults","S-1-5-21-858237349-4279645165-3005076073-246242","FullAccess"
"iwf.com.au/PRG/Shared Resources/ProgrammedFM Sydney Airport Faults","IWF\Shareen.Stewart","FullAccess"
"iwf.com.au/PRG/Shared Resources/ProgrammedFM Sydney Airport Faults","S-1-5-21-858237349-4279645165-3005076073-246334","FullAccess"
"iwf.com.au/PRG/Shared Resources/ProgrammedFM Sydney Airport Faults","IWF\Carina.Frangie","FullAccess"
"iwf.com.au/PRG/Shared Resources/ProgrammedFM Sydney Airport Faults","S-1-5-21-858237349-4279645165-3005076073-246346","FullAccess"
"iwf.com.au/PRG/Shared Resources/ProgrammedFM Sydney Airport Faults","IWF\Ante.Maricic","FullAccess"
"iwf.com.au/PRG/Shared Resources/ProgrammedFM Sydney Airport Faults","IWF\John.Burton","FullAccess"
"iwf.com.au/PRG/Shared Resources/ProgrammedFM Sydney Airport Faults","IWF\StellaMariz.Torrevil","FullAccess"
"iwf.com.au/PRG/Shared Resources/ProgrammedFM Sydney Airport Faults","S-1-5-21-858237349-4279645165-3005076073-248180","FullAccess"
"iwf.com.au/PRG/Shared Resources/ProgrammedFM Sydney Airport Faults","IWF\Elie.AliagaPortugal","FullAccess"
"iwf.com.au/PRG/Shared Resources/ProgrammedFM Sydney Airport Faults","IWF\Sophie.Martin-Duncan","FullAccess"
"iwf.com.au/PRG/Shared Resources/ProgrammedFM Sydney Airport Faults","IWF\Effie.Spiropoulos","FullAccess"
"iwf.com.au/PRG/Shared Resources/ProgrammedFM Sydney Airport Faults","IWF\Gaviotta.Roya","FullAccess"
"iwf.com.au/PRG/Shared Resources/ProgrammedFM Sydney Airport Faults","IWF\Jessica.Lie","FullAccess"
"iwf.com.au/PRG/Shared Resources/ProgrammedFM Sydney Airport Faults","IWF\Madeline.Belinha","FullAccess"
"iwf.com.au/PRG/Shared Resources/ProgrammedFM Sydney Airport Faults","IWF\Melissa.Kulanoa","FullAccess"
"iwf.com.au/PRG/Shared Resources/ProgrammedFM Sydney Airport Faults","IWF\Kim.Robertson","FullAccess"
"iwf.com.au/PRG/Shared Resources/ProgrammedFM Tradelink","IWF\PFM Service Centre Sec","FullAccess"
"iwf.com.au/PRG/Shared Resources/ProgrammedFM Tradelink","S-1-5-21-858237349-4279645165-3005076073-148526","FullAccess"
"iwf.com.au/PRG/Shared Resources/ProgrammedFM Uniting Ageing","IWF\PFM Service Centre Sec","FullAccess"
"iwf.com.au/PRG/Shared Resources/ProgrammedFM Uniting Ageing","S-1-5-21-858237349-4279645165-3005076073-148526","FullAccess"
"iwf.com.au/PRG/Shared Resources/ProgrammedFM Uniting Ageing","S-1-5-21-858237349-4279645165-3005076073-150390","FullAccess"
"iwf.com.au/PRG/Shared Resources/ProgrammedFM Uniting Ageing","S-1-5-21-858237349-4279645165-3005076073-153847","FullAccess"
"iwf.com.au/PRG/Shared Resources/ProgrammedFM Uniting Ageing","S-1-5-21-858237349-4279645165-3005076073-170892","FullAccess"
"iwf.com.au/PRG/Shared Resources/ProgrammedFM Uniting Ageing","S-1-5-21-858237349-4279645165-3005076073-228805","FullAccess"
"iwf.com.au/PRG/Shared Resources/ProgrammedFM Uniting Ageing","IWF\Swapna.Gotety","FullAccess"
"iwf.com.au/PRG/Shared Resources/ProgrammedFM Uniting Ageing","S-1-5-21-858237349-4279645165-3005076073-241546","FullAccess"
"iwf.com.au/PRG/Shared Resources/ProgrammedFM Uniting Communities","IWF\PFM Service Centre Sec","FullAccess"
"iwf.com.au/PRG/Shared Resources/ProgrammedFM Uniting Communities","S-1-5-21-858237349-4279645165-3005076073-148526","FullAccess"
"iwf.com.au/PRG/Shared Resources/ProgrammedFM Uniting Communities","S-1-5-21-858237349-4279645165-3005076073-150390","FullAccess"
"iwf.com.au/PRG/Shared Resources/ProgrammedFM Uniting Communities","S-1-5-21-858237349-4279645165-3005076073-153847","FullAccess"
"iwf.com.au/PRG/Shared Resources/ProgrammedFM Uniting Communities","S-1-5-21-858237349-4279645165-3005076073-170892","FullAccess"
"iwf.com.au/PRG/Shared Resources/ProgrammedFM Uniting Communities","S-1-5-21-858237349-4279645165-3005076073-228805","FullAccess"
"iwf.com.au/PRG/Shared Resources/ProgrammedFM Uniting Communities","IWF\Swapna.Gotety","FullAccess"
"iwf.com.au/PRG/Shared Resources/ProgrammedFM Uniting Communities","S-1-5-21-858237349-4279645165-3005076073-241546","FullAccess"
"iwf.com.au/PRG/Shared Resources/ProgrammedFM UOW","IWF\PFM Service Centre Sec","FullAccess"
"iwf.com.au/PRG/Shared Resources/ProgrammedFM UOW","S-1-5-21-858237349-4279645165-3005076073-140804","FullAccess"
"iwf.com.au/PRG/Shared Resources/ProgrammedFM UOW","IWF\AmSingh","FullAccess"
"iwf.com.au/PRG/Shared Resources/ProgrammedFM UOW","S-1-5-21-858237349-4279645165-3005076073-141268","FullAccess"
"iwf.com.au/PRG/Shared Resources/ProgrammedFM UOW","IWF\aSingh","FullAccess"
"iwf.com.au/PRG/Shared Resources/ProgrammedFM UOW","S-1-5-21-858237349-4279645165-3005076073-146387","FullAccess"
"iwf.com.au/PRG/Shared Resources/ProgrammedFM UOW","S-1-5-21-858237349-4279645165-3005076073-148526","FullAccess"
"iwf.com.au/PRG/Shared Resources/ProgrammedFM UOW","S-1-5-21-858237349-4279645165-3005076073-150214","FullAccess"
"iwf.com.au/PRG/Shared Resources/ProgrammedFM UOW","S-1-5-21-858237349-4279645165-3005076073-150349","FullAccess"
"iwf.com.au/PRG/Shared Resources/ProgrammedFM UOW","S-1-5-21-858237349-4279645165-3005076073-153274","FullAccess"
"iwf.com.au/PRG/Shared Resources/ProgrammedFM UOW","S-1-5-21-858237349-4279645165-3005076073-153638","FullAccess"
"iwf.com.au/PRG/Shared Resources/ProgrammedFM UOW","S-1-5-21-858237349-4279645165-3005076073-153847","FullAccess"
"iwf.com.au/PRG/Shared Resources/ProgrammedFM UOW","S-1-5-21-858237349-4279645165-3005076073-156134","FullAccess"
"iwf.com.au/PRG/Shared Resources/ProgrammedFM UOW","S-1-5-21-858237349-4279645165-3005076073-166717","FullAccess"
"iwf.com.au/PRG/Shared Resources/ProgrammedFM UOW","S-1-5-21-858237349-4279645165-3005076073-166899","FullAccess"
"iwf.com.au/PRG/Shared Resources/ProgrammedFM UOW","S-1-5-21-858237349-4279645165-3005076073-166906","FullAccess"
"iwf.com.au/PRG/Shared Resources/ProgrammedFM UOW","S-1-5-21-858237349-4279645165-3005076073-167094","FullAccess"
"iwf.com.au/PRG/Shared Resources/ProgrammedFM UOW","S-1-5-21-858237349-4279645165-3005076073-168592","FullAccess"
"iwf.com.au/PRG/Shared Resources/ProgrammedFM UOW","IWF\PSalter","FullAccess"
"iwf.com.au/PRG/Shared Resources/ProgrammedFM UOW","S-1-5-21-858237349-4279645165-3005076073-169093","FullAccess"
"iwf.com.au/PRG/Shared Resources/ProgrammedFM UOW","S-1-5-21-858237349-4279645165-3005076073-169909","FullAccess"
"iwf.com.au/PRG/Shared Resources/ProgrammedFM UOW","S-1-5-21-858237349-4279645165-3005076073-170805","FullAccess"
"iwf.com.au/PRG/Shared Resources/ProgrammedFM UOW","S-1-5-21-858237349-4279645165-3005076073-180294","FullAccess"
"iwf.com.au/PRG/Shared Resources/ProgrammedFM UOW","S-1-5-21-858237349-4279645165-3005076073-180443","FullAccess"
"iwf.com.au/PRG/Shared Resources/ProgrammedFM UOW","S-1-5-21-858237349-4279645165-3005076073-181003","FullAccess"
"iwf.com.au/PRG/Shared Resources/ProgrammedFM UOW","S-1-5-21-858237349-4279645165-3005076073-183616","FullAccess"
"iwf.com.au/PRG/Shared Resources/ProgrammedFM UOW","S-1-5-21-858237349-4279645165-3005076073-183754","FullAccess"
"iwf.com.au/PRG/Shared Resources/ProgrammedFM UOW","S-1-5-21-858237349-4279645165-3005076073-228805","FullAccess"
"iwf.com.au/PRG/Shared Resources/ProgrammedFM UOW","IWF\Swapna.Gotety","FullAccess"
"iwf.com.au/PRG/Shared Resources/ProgrammedFM UOW","S-1-5-21-858237349-4279645165-3005076073-241546","FullAccess"
"iwf.com.au/PRG/Shared Resources/ProgrammedFM VHA","S-1-5-21-858237349-4279645165-3005076073-52764","DeleteItem"
"iwf.com.au/PRG/Shared Resources/ProgrammedFM VHA","S-1-5-21-858237349-4279645165-3005076073-67639","DeleteItem"
"iwf.com.au/PRG/Shared Resources/ProgrammedFM VHA","IWF\Nerileeh","DeleteItem"
"iwf.com.au/PRG/Shared Resources/ProgrammedFM VHA","S-1-5-21-858237349-4279645165-3005076073-76659","DeleteItem"
"iwf.com.au/PRG/Shared Resources/ProgrammedFM VHA","S-1-5-21-858237349-4279645165-3005076073-77024","DeleteItem"
"iwf.com.au/PRG/Shared Resources/ProgrammedFM VHA","S-1-5-21-858237349-4279645165-3005076073-86520","DeleteItem"
"iwf.com.au/PRG/Shared Resources/ProgrammedFM VHA","S-1-5-21-858237349-4279645165-3005076073-89705","DeleteItem"
"iwf.com.au/PRG/Shared Resources/ProgrammedFM VHA","S-1-5-21-858237349-4279645165-3005076073-91137","DeleteItem"
"iwf.com.au/PRG/Shared Resources/ProgrammedFM VHA","S-1-5-21-858237349-4279645165-3005076073-95655","DeleteItem"
"iwf.com.au/PRG/Shared Resources/ProgrammedFM VHA","S-1-5-21-858237349-4279645165-3005076073-99470","DeleteItem"
"iwf.com.au/PRG/Shared Resources/ProgrammedFM VHA","S-1-5-21-858237349-4279645165-3005076073-101558","DeleteItem"
"iwf.com.au/PRG/Shared Resources/ProgrammedFM VHA","S-1-5-21-858237349-4279645165-3005076073-110368","DeleteItem"
"iwf.com.au/PRG/Shared Resources/ProgrammedFM VHA","S-1-5-21-858237349-4279645165-3005076073-133329","DeleteItem"
"iwf.com.au/PRG/Shared Resources/ProgrammedFM VHA","S-1-5-21-858237349-4279645165-3005076073-133342","DeleteItem"
"iwf.com.au/PRG/Shared Resources/ProgrammedFM VHA","S-1-5-21-858237349-4279645165-3005076073-133343","DeleteItem"
"iwf.com.au/PRG/Shared Resources/ProgrammedFM VHA","S-1-5-21-858237349-4279645165-3005076073-133345","DeleteItem"
"iwf.com.au/PRG/Shared Resources/ProgrammedFM VHA","IWF\PFM Service Centre Sec","FullAccess"
"iwf.com.au/PRG/Shared Resources/ProgrammedFM VHA","S-1-5-21-858237349-4279645165-3005076073-228805","FullAccess"
"iwf.com.au/PRG/Shared Resources/ProgrammedFM VHA","IWF\Swapna.Gotety","FullAccess"
"iwf.com.au/PRG/Shared Resources/ProgrammedFM VHA","S-1-5-21-858237349-4279645165-3005076073-241546","FullAccess"
"iwf.com.au/PRG/Shared Resources/ProgrammedFM VSBA","S-1-5-21-858237349-4279645165-3005076073-228805","FullAccess"
"iwf.com.au/PRG/Shared Resources/ProgrammedFM VSBA","IWF\Swapna.Gotety","FullAccess"
"iwf.com.au/PRG/Shared Resources/ProgrammedFM VSBA","S-1-5-21-858237349-4279645165-3005076073-241546","FullAccess"
"iwf.com.au/PRG/Shared Resources/ProgrammedFM YVW Facilities","S-1-5-21-858237349-4279645165-3005076073-53019","FullAccess"
"iwf.com.au/PRG/Shared Resources/ProgrammedFM YVW Facilities","IWF\bbacon","FullAccess"
"iwf.com.au/PRG/Shared Resources/ProgrammedFM YVW Facilities","S-1-5-21-858237349-4279645165-3005076073-132039","FullAccess"
"iwf.com.au/PRG/Shared Resources/ProgrammedFM YVW Facilities","S-1-5-21-858237349-4279645165-3005076073-148169","FullAccess"
