#TYPE Selected.Microsoft.Exchange.Data.Directory.Management.Mailbox
"Name","RetentionPolicy"
"Turnpoint Accounts Payable","12 Month Archive Policy"
"DiscoverySearchMailbox {D919BA05-46A6-415f-80AD-7E09334BB852}","Default MRM Policy"
"PET NT Services","Default MRM Policy"
"perrs01_ReadSoft","Default MRM Policy"
"training","Default MRM Policy"
"ProgrammedET Care","Default MRM Policy"
"PPS Payables","12 Month Archive Policy"
"Programmed Facility Management AR","Default MRM Policy"
"Communications","Default MRM Policy"
"ictservicedesk","6 Months Archive Policy"
"Rottnest Island Accounts","Default MRM Policy"
"Rockhampton","Default MRM Policy"
"claims","Default MRM Policy"
"ProgrammedFM Help","6 Months Archive Policy"
"navnas","Default MRM Policy"
"Invoice WA","12 Month Archive Policy"
"PPS Credit","12 Month Archive Policy"
"recruitmentapprovals","Default MRM Policy"
"AU Service Delivery","Default MRM Policy"
"PPS Shared Artwork Mailbox","Default MRM Policy"
"SAGROUNDSADMIN","Default MRM Policy"
"PMS Procurement","Default MRM Policy"
"Gladstone","Default MRM Policy"
"PET Client Services VIC","Default MRM Policy"
"ProgrammedFM RIA","6 Months Archive Policy"
"ProgrammedFM VHA","6 Months Archive Policy"
"PET Accounts Payable","Default MRM Policy"
"ProgrammedFM National Contracts","6 Months Archive Policy"
"svc_Service Desk","Default MRM Policy"
"UnitingCare Request","Default MRM Policy"
"PPS Accounts Payable","12 Month Archive Policy"
"PPS WA Admin","Default MRM Policy"
"PFM NZ","6 Months Archive Policy"
"vehicleinfringements","Default MRM Policy"
"ProgrammedFM AHG","6 Months Archive Policy"
"KLMAVProgrammingVIC","Default MRM Policy"
"pfmapinvoices","Default MRM Policy"
"ProgrammedFM Cotton On","6 Months Archive Policy"
"Reports","Default MRM Policy"
"ProgrammedFM Baxter","Default MRM Policy"
"SA Housing Jobs Inbound","Default MRM Policy"
"ProgrammedFM Parmalat","6 Months Archive Policy"
"PRA Accounts","Default MRM Policy"
"ProgrammedFM Hoyts","6 Months Archive Policy"
"Safety @ Programmed","Default MRM Policy"
"ProgrammedFM Fonterra","6 Months Archive Policy"
"PEM","Default MRM Policy"
"ProgrammedFM Presentation Sisters","6 Months Archive Policy"
"ProgrammedFM Missionary Sisters","6 Months Archive Policy"
"Payroll","Default MRM Policy"
"Payroll Systems","Default MRM Policy"
"ProgrammedFM Healthy Life","6 Months Archive Policy"
"ProgrammedFM UOW","6 Months Archive Policy"
"QLD AV Service","Default MRM Policy"
"ProgrammedFM Brigidine Sisters","6 Months Archive Policy"
"ProgrammedFM Catholic Healthcare","6 Months Archive Policy"
"ProgrammedFM Daughters of Charity","6 Months Archive Policy"
"ProgrammedFM Marist Sisters","6 Months Archive Policy"
"ProgrammedFM Office of Environment and Heritage","6 Months Archive Policy"
"perrs02_readsoft","Default MRM Policy"
"ProgrammedFM Tradelink","6 Months Archive Policy"
"Timesheets 465","Default MRM Policy"
"ProgrammedFM Puma Energy","6 Months Archive Policy"
"ProgrammedFM YVW Facilities","6 Months Archive Policy"
"HWA Quotes","Default MRM Policy"
"ProgrammedFM Uniting Ageing","6 Months Archive Policy"
"ProgrammedFM Uniting Communities","6 Months Archive Policy"
"PETWAFacops","Default MRM Policy"
"Reception Collins","Default MRM Policy"
"MiContact Centre Reporting","Default MRM Policy"
"Group Procurement","Default MRM Policy"
"ProgrammedFM Priority 1","6 Months Archive Policy"
"RMIT Building","Default MRM Policy"
"ProgrammedFM Handovers","6 Months Archive Policy"
"NSC - Maximo","6 Months Archive Policy"
"NSC - NAV","6 Months Archive Policy"
"UAT-RMIT","Default MRM Policy"
"MiContact Center Test Mailbox",
"ProgrammedFM Howards Storage World","6 Months Archive Policy"
"ACT Courts","Default MRM Policy"
"AU PSW Credit","3 Month Archive Policy"
"PHP Payroll","Default MRM Policy"
"Unanderra Fax","Default MRM Policy"
"AU Timesheets PSK","Default MRM Policy"
"MTW","Default MRM Policy"
"PFMNZ RiskAlerts","Default MRM Policy"
"MRWA","Default MRM Policy"
"DFES","Default MRM Policy"
"DTWD","Default MRM Policy"
"DCS","Default MRM Policy"
"CRM","Default MRM Policy"
"Industrial Maintenance Accounts Payable","Default MRM Policy"
"ProgrammedFM Red Cross","6 Months Archive Policy"
"Uni Ovals","Default MRM Policy"
"ProgrammedFM NSC Fax","6 Months Archive Policy"
"ProgrammedFM NSC Afterhours","6 Months Archive Policy"
"Training Training","Default MRM Policy"
"MTW Interpretation","Default MRM Policy"
"PIW PSW Timesheets","6 Months Archive Policy"
"ProgrammedFM Allocations","6 Months Archive Policy"
"KNR Safety","Default MRM Policy"
"Rates Management","Default MRM Policy"
"ProgrammedFM G8 Education","6 Months Archive Policy"
"Wollongong","Default MRM Policy"
"Atlas Accounts Payable (Australia)","Default MRM Policy"
"ProgrammedFM Karingal","6 Months Archive Policy"
"CSE Admin","Default MRM Policy"
"PSW Pricing","Default MRM Policy"
"ProgrammedFM Seton Villa","6 Months Archive Policy"
"City West Water Interface V2 Test","Default MRM Policy"
"Resources","Default MRM Policy"
"Casey Playgrounds","Default MRM Policy"
"PIM WA Fax","Default MRM Policy"
"Programmed Safety Accounts Payable","12 Month Archive Policy"
"Invoice WA Project Team","Default MRM Policy"
"PET ClientServices NT","Default MRM Policy"
"PFM Central Mailbox","Default MRM Policy"
"PHP - Compliance & Complaints","Default MRM Policy"
"24hour HVO","Default MRM Policy"
"PETNSWFACOPS","Default MRM Policy"
"UniMelb Grounds","Default MRM Policy"
"ProgrammedFM AMart Furniture","6 Months Archive Policy"
"PHP - NT health","Default MRM Policy"
"Notting Hill Rostering","Default MRM Policy"
"Shepparton Voicemail","Default MRM Policy"
"Programmed Portal Support","Default MRM Policy"
"Go","Default MRM Policy"
"LauncestonPSW Voicemail","Default MRM Policy"
"Hunter Mining Recruitment","Default MRM Policy"
"ceomaintenance","Default MRM Policy"
"Mapilab_Agent","Default MRM Policy"
"EOIQld","Default MRM Policy"
"FieldView","Default MRM Policy"
"ppswagesubsidy","Default MRM Policy"
"MelAir Fault","Default MRM Policy"
"accountsnz","Default MRM Policy"
"svc_D365admin_CE",
"Maximo Attachments","Default MRM Policy"
"HWA Subcontractor Management","Default MRM Policy"
"PPCurtinACT Voicemail","Default MRM Policy"
"PSW Altona Voicemail","Default MRM Policy"
"ProgrammedFM IAC","Default MRM Policy"
"Michael Eskitzis X",
"HACTComplaints","Default MRM Policy"
"ProgrammedFM Curtin Admin","Default MRM Policy"
"Operations Support Team","Default MRM Policy"
"SA Operations","Default MRM Policy"
"Maintenance Enquiry","Default MRM Policy"
"Rail NSW Timesheets","Default MRM Policy"
"Rail Training","Default MRM Policy"
"noreplyHACTComplaints","Default MRM Policy"
"PM.HSE","Default MRM Policy"
"ProgrammedFM Cancer Council","6 Months Archive Policy"
"ProgrammedFM Hammond Care","6 Months Archive Policy"
"Landscape VIC","Default MRM Policy"
"PHP NDIS","Default MRM Policy"
"Liverpool Transitions","Default MRM Policy"
"PSW Operations WA","Default MRM Policy"
"AP Online Inductions","Default MRM Policy"
"Rottnest Compliance","Default MRM Policy"
"yvwpermits","Default MRM Policy"
"Business Support Botany",
"ProgrammedFM Samsung","6 Months Archive Policy"
"OPTUSRFP",
"Goodstart SEQ","Default MRM Policy"
"Goodstart NQ","Default MRM Policy"
"HACTWorkOrderRequests",
"ProgrammedFM VSBA","6 Months Archive Policy"
"Woodside Recruitment",
"ProgrammedFM Sydney Airport Faults","6 Months Archive Policy"
"ProgrammedFM Housing SA","6 Months Archive Policy"
"ProgrammedFM MRF Monitoring","6 Months Archive Policy"
"Test User01",
"ProgrammedFM NSCLAHC",
"Tamara Atia",
"test1-p2",
"Census EOI",
