DisplayName,Name,GivenName,Surname,UserPrincipalName,Alias,SamAccountName,DistinguishedName,PrimarySmtpAddress,EmailAddresses,MailboxSizeMB,ArchiveSizeMB,Office,Title,RecipientType,RecipientTypeDetails,IsMailboxEnabled,LastLogonTime
"24hour HVO","24hour HVO","24hour","HVO","24hour.hvo@programmed.com.au","24hour.hvo","24hour.hvo","CN=24hour HVO,OU=Shared Resources,OU=PRG,DC=iwf,DC=com,DC=au","24hour.hvo@programmed.com.au","24hour.HVO@intgroup.mail.onmicrosoft.com,24hour.hvo@programmed.com.au","142","8615","","Service Account","UserMailbox","UserMailbox","True","2022-09-19"
"accountsnz","accountsnz","","","accountsnz@atlasprofessionals.co.nz","accountsnz","accountsnz","CN=accountsnz,OU=Shared Resources,OU=PRG,DC=iwf,DC=com,DC=au","accountsnz@atlasprofessionals.co.nz","accountsnz2@programmed.com.au,accountsnz@intgroup.mail.onmicrosoft.com,accountsnz@atlasprofessionals.co.nz","5550","N/A","","Shared Mailbox","UserMailbox","SharedMailbox","True","2022-09-20"
"ACT Courts","ACT Courts","ACT","Courts","actcourts@programmed.com.au","actcourts","actcourts","CN=ACT Courts,OU=Shared Resources,OU=PRG,DC=iwf,DC=com,DC=au","actcourts@programmed.com.au","ACT.Courts@programmed.com.au,actcourts@programmed.com.au,ACT.Courts@intgroup.mail.onmicrosoft.com","15265","N/A","Lonsdale Street","Shared Mailbox","UserMailbox","UserMailbox","True","2022-09-19"
"AP Online Inductions","AP Online Inductions","AP Online","Inductions","APOnlineInductions@programmed.com.au","APOnlineInductions","APOnlineInductions","CN=AP Online Inductions,OU=Shared Resources,OU=PRG,DC=iwf,DC=com,DC=au","APOnlineInductions@programmed.com.au","APOnlineInductions@programmed.com.au,APOnline.Inductions@programmed.com.au,APOnline.Inductions@intgroup.mail.onmicrosoft.com,APOnlineInductions@intgroup.mail.onmicrosoft.com","59","N/A","","Shared Mailbox","UserMailbox","UserMailbox","True","2022-07-21"
"Atlas Accounts Payable (Australia)","Atlas Accounts Payable (Australia)","Atlas","Accounts Payable (Australia)","AccountsPayable@atlasprofessionals.com.au","atlasaccountspayable","omsaccountspayable","CN=Atlas Accounts Payable (Australia),OU=Users,OU=West Perth,OU=WA,OU=AU,OU=PM,OU=PRG,DC=iwf,DC=com,DC=au","AccountsPayable@atlasprofessionals.com.au","AccountsPayable@atlasprofessionals.com.au,pm.accountspayable@atlasprofessionals.com.au,PAccountsPayableAustralia@atlasprofessionals.com.au,PM.AccountsPayable@programmed.com.au,OMSaccountspayable@atlasprofessionals.com.au,PM.AccountsPayableAustralia@atlasprofessionals.com.au,PM.AccountsPayableAustralia@programmed.com.au,OMSaccountspayable@programmed.com.au,PM.AccountsPayableAustralia@intgroup.mail.onmicrosoft.com","16446","N/A","","Service Account","UserMailbox","UserMailbox","True","2022-09-20"
"AU PPS Service Delivery","AU Service Delivery","AU PPS","Service Delivery","ppsservicedelivery@programmed.com.au","ppscsd","ppscsd","CN=AU Service Delivery,OU=Shared Resources,OU=PRG,DC=iwf,DC=com,DC=au","ppsservicedelivery@programmed.com.au","ppscsd@intgroup.mail.onmicrosoft.com,ppsservicedelivery@programmed.com.au,ppscsd@programmed.com.au","24806","80285","","Shared Mailbox","UserMailbox","SharedMailbox","True","2022-09-20"
"AU PSW Credit","AU PSW Credit","AU PSW Credit","","PSW.credit.AU@programmed.com.au","pswcredit","PSWCredit","CN=AU PSW Credit,OU=Shared Resources,OU=PRG,DC=iwf,DC=com,DC=au","PSW.credit.AU@programmed.com.au","psw.credit@programmed.com.au,PSW.credit.AU@programmed.com.au,PSWCredit@programmed.com.au,AUPSW.Credit@intgroup.mail.onmicrosoft.com,AUPSWCredit@intgroup.mail.onmicrosoft.com,PSW.Credit@intgroup.mail.onmicrosoft.com","20245","311049","Burswood","Shared Mailbox","UserMailbox","UserMailbox","True","2022-09-19"
"AU Timesheets PSK","AU Timesheets PSK","PP","Timesheets","PSK.timesheets.AU@programmed.com.au","pp.timesheets","pp.timesheets","CN=AU Timesheets PSK,OU=Shared Resources,OU=PRG,DC=iwf,DC=com,DC=au","PSK.timesheets.AU@persolkelly.com.au","PSK.timesheets.AU@persolkelly.com.au,PP.Timesheets@programmed.com.au,PP.Timesheets@intgroup.mail.onmicrosoft.com","24736","N/A","","Shared Mailbox","UserMailbox","UserMailbox","True","2022-09-19"
"Casey Playgrounds","Casey Playgrounds","Casey","Playgrounds","CaseyPlaygrounds@programmed.com.au","CaseyPlaygrounds","CaseyPlaygrounds","CN=Casey Playgrounds,OU=Shared Resources,OU=PRG,DC=iwf,DC=com,DC=au","CaseyPlaygrounds@programmed.com.au","CaseyPlaygrounds@programmed.com.au,Casey.Playgrounds@programmed.com.au,Casey.Playgrounds@intgroup.mail.onmicrosoft.com","9638","N/A","","Shared Mailbox","UserMailbox","UserMailbox","True","2022-09-20"
"Census EOI","Census EOI","","","CensusEOI@programmed.com.au","CensusEOI","CensusEOI","CN=Census EOI,OU=Shared Resources,OU=PRG,DC=iwf,DC=com,DC=au","CensusEOI@programmed.com.au","CensusEOI@intgroup.mail.onmicrosoft.com,CensusEOI@programmed.com.au","0","N/A","","","UserMailbox","SharedMailbox","True",""
"CEO Maintenance","ceomaintenance","","","ceomaintenance@programmed.com.au","ceomaintenance","ceomaintenance","CN=ceomaintenance,OU=Shared Resources,OU=PRG,DC=iwf,DC=com,DC=au","ceo.maintenance@programmed.com.au","ceo.maintenance@programmed.com.au,ceomaintenance@intgroup.mail.onmicrosoft.com","5","N/A","","Service Account","UserMailbox","UserMailbox","True","2022-09-19"
"City West Water Interface","City West Water Interface","City West Water","Interface","CWWInterface@programmed.com.au","CWWInterface","CWWInterface","CN=City West Water Interface,OU=Shared Resources,OU=PRG,DC=iwf,DC=com,DC=au","CWWInterface@programmed.com.au","CityWestWater.Interface@programmed.com.au,CWWInterface@programmed.com.au,CityWestWater.Interface@intgroup.mail.onmicrosoft.com","2209","N/A","","Shared Mailbox","UserMailbox","UserMailbox","True","2020-06-14"
"City West Water Interface V2","City West Water Interface V2","City West Water","Interface V2","CityWestWater.InterfaceV2@programmed.com.au","CWWInterfaceV2","CWWInterfaceV2","CN=City West Water Interface V2,OU=Shared Resources,OU=PRG,DC=iwf,DC=com,DC=au","CityWestWater.InterfaceV2@programmed.com.au","CityWestWater.InterfaceV2@intgroup.mail.onmicrosoft.com,CWWInterfaceV2@programmed.com.au,CityWestWater.InterfaceV2@programmed.com.au","12063","N/A","","Shared Mailbox","UserMailbox","UserMailbox","True","2022-09-14"
"City West Water Interface V2 Test","City West Water Interface V2 Test","City West Water","Interface V2 Test","CityWestWater.InterfaceV2Test@programmed.com.au","CWWInterfaceV2Test","CWWInterfaceV2Test","CN=City West Water Interface V2 Test,OU=Shared Resources,OU=PRG,DC=iwf,DC=com,DC=au","CityWestWater.InterfaceV2Test@programmed.com.au","CityWestWater.InterfaceV2Test@intgroup.mail.onmicrosoft.com,CWWInterfaceV2Test@programmed.com.au,CityWestWater.InterfaceV2Test@programmed.com.au","136","N/A","","Shared mailbox","UserMailbox","UserMailbox","True","2022-09-19"
"claims","claims","claims","","claims@programmed.com.au","claims","claims","CN=claims,OU=Shared Mailboxes,OU=Parramatta,OU=NSW,OU=AU,OU=PFM,OU=PRG,DC=iwf,DC=com,DC=au","claims@programmed.com.au","claims@intgroup.mail.onmicrosoft.com,claims@programmed.com.au","103500","N/A","","Shared Mailbox","UserMailbox","SharedMailbox","True","2022-09-19"
"Communications","Communications","Communications","","communications@programmed.com.au","communications","communications","CN=Communications,OU=Shared Resources,OU=PRG,DC=iwf,DC=com,DC=au","Communications@programmed.com.au","Communications@intgroup.mail.onmicrosoft.com,Communications@programmed.com.au","1492","N/A","Burswood","Shared Mailbox","UserMailbox","UserMailbox","True","2022-09-19"
"CRM","CRM","CRM","","CRM@programmed.com.au","CRM","CRM","CN=CRM,OU=Service Accounts,OU=PRG,DC=iwf,DC=com,DC=au","CRM@programmed.com.au","CRM@intgroup.mail.onmicrosoft.com,CRM@programmed.com.au","1549","N/A","","Shared Mailbox","UserMailbox","UserMailbox","True","2022-09-20"
"CSE Admin","CSE Admin","","","cseadmin@programmed.com.au","cseadmin","cseadmin","CN=CSE Admin,OU=Shared Resources,OU=PRG,DC=iwf,DC=com,DC=au","cseadmin@programmed.com.au","cseadmin@intgroup.com.au,cseadmin@programmed.com.au,cseadmin@intgroup.mail.onmicrosoft.com,cseadmin@integrated.com.au","12012","N/A","","Service Account","UserMailbox","UserMailbox","True","2022-09-13"
"DCS","DCS","DCS","","DCS@iwf.com.au","DCS","DCS","CN=DCS,OU=Shared Resources,OU=PRG,DC=iwf,DC=com,DC=au","dcs@programmed.com.au","DCS@intgroup.mail.onmicrosoft.com,dcs@programmed.com.au,D4@intgroup.com.au,D4@integrated.com.au","148","N/A","","Shared Mailbox","UserMailbox","UserMailbox","True","2022-09-19"
"DFES","DFES","DFES","","DFES@iwf.com.au","DFES","DFES","CN=DFES,OU=Shared Resources,OU=PRG,DC=iwf,DC=com,DC=au","DFES@programmed.com.au","DFES@intgroup.mail.onmicrosoft.com,D2@intgroup.com.au,DFES@programmed.com.au,D2@integrated.com.au","10875","N/A","","Shared Mailbox","UserMailbox","UserMailbox","True","2022-09-19"
"Discovery Search Mailbox","DiscoverySearchMailbox {D919BA05-46A6-415f-80AD-7E09334BB852}","","MsExchDiscoveryMailbox D919BA05-46A6-415f-80AD-7E09334BB852","SM_d2c7f9cab0f349509@programmed.com.au","DiscoverySearchMailbox{D919BA05-46A6-415f-80AD-7E09334BB852}","SM_d2c7f9cab0f349509","CN=DiscoverySearchMailbox {D919BA05-46A6-415f-80AD-7E09334BB852},OU=Service Accounts,DC=iwf,DC=com,DC=au","MsExchDiscoveryMailboxD919BA05-46A6-415f-80AD-7E09334BB852@programmed.com.au","DiscoverySearchMailbox{D919BA05-46A6-415f-80AD-7E09334BB852}2@programmed.com.au,MsExchDiscoveryMailboxD919BA05-46A6-415f-80AD-7E09334BB8522@intgroup.mail.onmicrosoft.com,MsExchDiscoveryMailboxD919BA05-46A6-415f-80AD-7E09334BB852@pmsltd.co.nz,MsExchDiscoveryMailboxD919BA05-46A6-415f-80AD-7E09334BB852@programmed.com.au,MsExchDiscoveryMailboxD919BA05-46A6-415f-80AD-7E09334BB852@pmsltd.com.au,DiscoverySearchMailbox{D919BA05-46A6-415f-80AD-7E09334BB852}@intgroup.mail.onmicrosoft.com,MsExchDiscoveryMailboxD919BA05-46A6-415f-80AD-7E09334BB852@intgroup.com.au,MsExchDiscoveryMailboxD919BA05-46A6-415f-80AD-7E09334BB852@integrated.com.au","199","N/A","","","UserMailbox","DiscoveryMailbox","True","2019-04-02"
"DTWD","DTWD","DTWD","","DTWD@iwf.com.au","DTWD","DTWD","CN=DTWD,OU=Shared Resources,OU=PRG,DC=iwf,DC=com,DC=au","dtwd@programmed.com.au","DTWD@intgroup.mail.onmicrosoft.com,dtwd@programmed.com.au,D3@intgroup.com.au,D3@integrated.com.au","607","N/A","","Shared Mailbox","UserMailbox","UserMailbox","True","2022-09-19"
"EOIQld","EOIQld","","","EOIQld@programmed.com.au","EOIQld","EOIQld","CN=EOIQld,OU=Shared Resources,OU=PRG,DC=iwf,DC=com,DC=au","EOIQld@programmed.com.au","EOIQld@intgroup.mail.onmicrosoft.com,EOIQld@programmed.com.au","9","N/A","","Generic Account","UserMailbox","UserMailbox","True","2022-09-19"
"Exflow NoReply","Exflow NoReply","Exflow","NoReply","Exflow.NoReply@programmed.com.au","exflownoreply","exflownoreply","CN=Exflow NoReply,OU=Shared Resources,OU=PRG,DC=iwf,DC=com,DC=au","Exflow.NoReply@programmed.com.au","exflownoreply@programmed.com.au,Exflow.NoReply@intgroup.mail.onmicrosoft.com,exflow-noreply@programmed.com.au,Exflow.NoReply@programmed.com.au","2789","N/A","","Service Account","UserMailbox","UserMailbox","True",""
"FieldView","FieldView","","","fieldview@programmed.com.au","fieldview","fieldview","CN=FieldView,OU=Shared Resources,OU=PRG,DC=iwf,DC=com,DC=au","fieldview@programmed.com.au","fieldview@intgroup.mail.onmicrosoft.com,fieldview@programmed.com.au","653","N/A","","Shared Mailbox","UserMailbox","UserMailbox","True","2022-09-20"
"Gladstone","Gladstone","Gladstone","UNKNOWN","gladstone_3@programmed.com.au","Gladstoneshared","gladstone_3","CN=Gladstone,OU=Shared Resources,OU=PRG,DC=iwf,DC=com,DC=au","gladstone@programmed.com.au","gladstone@programmed.com.au,Gladstone.UNKNOWN@programmed.com.au,Gladstone.UNKNOWN@intgroup.mail.onmicrosoft.com,GUNKNOWN2@programmed.com.au,GUNKNOWN@integrated.com.au,Gladstone@integrated.com.au,GUNKNOWN@intgroup.com.au,Gladstone@intgroup.com.au","4989","N/A","","Shared Mailbox","UserMailbox","UserMailbox","True","2022-09-19"
"Go","Go","","","Go@programmed.com.au","Go","Go","CN=Go,OU=Shared Resources,OU=PRG,DC=iwf,DC=com,DC=au","Go@programmed.com.au","Go@intgroup.mail.onmicrosoft.com,Go@programmed.com.au","17449","N/A","","Service Account","UserMailbox","UserMailbox","True","2022-09-20"
"Goodstart NQ","Goodstart NQ","Goodstart","NQ","GoodstartNQ@programmed.com.au","GoodstartNQ","GoodstartNQ","CN=Goodstart NQ,OU=Shared Resources,OU=PRG,DC=iwf,DC=com,DC=au","Goodstart.NQ@programmed.com.au","Goodstart.NQ@intgroup.mail.onmicrosoft.com,Goodstart.NQ@programmed.com.au","164","635","","Shared Mailbox","UserMailbox","UserMailbox","True","2022-09-19"
"Goodstart SEQ","Goodstart SEQ","Goodstart","SEQ","GoodstartSEQ@programmed.com.au","GoodstartSEQ","GoodstartSEQ","CN=Goodstart SEQ,OU=Shared Resources,OU=PRG,DC=iwf,DC=com,DC=au","Goodstart.SEQ@programmed.com.au","Goodstart.SEQ@intgroup.mail.onmicrosoft.com,Goodstart.SEQ@programmed.com.au","1591","4309","","Shared Mailbox","UserMailbox","UserMailbox","True","2022-09-20"
"Group Procurement","Group Procurement","Group","Procurement","GroupProcurement@programmed.com.au","GroupProcurement","GroupProcurement","CN=Group Procurement,OU=Shared Resources,OU=PRG,DC=iwf,DC=com,DC=au","procurement@programmed.com.au","procurement@programmed.com.au,Group.Procurement@programmed.com.au,Group.Procurement@intgroup.mail.onmicrosoft.com,GroupProcurement@programmed.com.au","12684","N/A","","Shared Mailbox","UserMailbox","UserMailbox","True","2022-09-19"
"HACTComplaints","HACTComplaints","HACTComplaints","","HACTComplaints@programmed.com.au","HACTComplaints","HACTComplaints","CN=HACTComplaints,OU=Shared Resources,OU=PRG,DC=iwf,DC=com,DC=au","HACTComplaints@programmed.com.au","HACTComplaints@intgroup.mail.onmicrosoft.com,HACTComplaints@programmed.com.au","27327","N/A","","Shared Mailbox","UserMailbox","UserMailbox","True","2022-09-20"
"HACTWorkOrderRequests","HACTWorkOrderRequests","HACTWork","OrderRequests","HACTWorkOrderRequests@programmed.com.au","HACTWorkOrderRequests","HACTWork","CN=HACTWorkOrderRequests,OU=Shared Resources,OU=PRG,DC=iwf,DC=com,DC=au","HACTWorkOrderRequests@programmed.com.au","HACTWorkOrderRequests@programmed.com.au,HACTWork.OrderRequests@programmed.com.au,HACTWork.OrderRequests@intgroup.mail.onmicrosoft.com","4314","N/A","","Shared Mailbox","UserMailbox","UserMailbox","True","2022-09-19"
"Hunter Mining Recruitment","Hunter Mining Recruitment","Hunter Mining","Recruitment","hmrecruitment@iwf.com.au","hmrecruitment","hmrecruitment","CN=Hunter Mining Recruitment,OU=To Be Sorted Users,OU=PRG,DC=iwf,DC=com,DC=au","hmrecruitment@programmed.com.au","hmrecruitment@intgroup.mail.onmicrosoft.com,hmrecruitment@programmed.com.au,HRecruitment@intgroup.com.au,HRecruitment@integrated.com.au","5115","N/A","","Shared Mailbox","UserMailbox","UserMailbox","True","2022-09-19"
"HWA Quotes","HWA Quotes","HWA","Quotes","hwaquotes@programmed.com.au","hwaquotes","hwaquotes","CN=HWA Quotes,OU=Shared Resources,OU=PRG,DC=iwf,DC=com,DC=au","hwaquotes@programmed.com.au","HWA.Quotes@programmed.com.au,hwaquotes@programmed.com.au,HWA.Quotes@intgroup.mail.onmicrosoft.com","33866","N/A","Burswood","Shared Mailbox","UserMailbox","UserMailbox","True","2022-09-20"
"HWA Subcontractor Management","HWA Subcontractor Management","HWA Subcontractor Management","","HWASCManagement@programmed.com.au","HWASCManagement","HWASCManagement","CN=HWA Subcontractor Management,OU=Shared Resources,OU=PRG,DC=iwf,DC=com,DC=au","HWASubcontractorManagement@programmed.com.au","HWASubcontractorManagement@intgroup.mail.onmicrosoft.com,HWASubcontractorManagement@programmed.com.au,HWASCManagement@programmed.com.au,HWASCManagement@intgroup.mail.onmicrosoft.com,HWA.SCManagement@programmed.com.au,HWA.SCManagement@intgroup.mail.onmicrosoft.com,HWASC@intgroup.mail.onmicrosoft.com","22486","N/A","","Service Account","UserMailbox","UserMailbox","True","2022-09-19"
"ICTServiceDesk","ictservicedesk","ictservicedesk","","ictservicedesk@programmed.com.au","ictservicedesk","Helpdesk","CN=ictservicedesk,OU=Service Accounts,DC=iwf,DC=com,DC=au","ictservicedesk@programmed.com.au","servicedesk@programmed.com.au,helpdesk@programmed.com.au,ictservicedesk@programmed.com.au,ServiceDesk@intgroup.mail.onmicrosoft.com,servicedesk@programmed.com,servicedesk_archive@programmed.com.au,ICTServiceDesk_archive@programmed.com.au,servicedesk_archive@programmed.co.nz","26541","N/A","","Service Account","UserMailbox","UserMailbox","True","2022-09-19"
"Industrial Maintenance Accounts Payable","Industrial Maintenance Accounts Payable","Industrial Maintenance","Accounts Payable","IndustrialMaintenance.AccountsPayable@programmed.com.au","IndustrialMaintenanc","IndustrialMaintenanc","CN=Industrial Maintenance Accounts Payable,OU=Shared Resources,OU=PRG,DC=iwf,DC=com,DC=au","IndustrialMaintenance.AccountsPayable@programmed.com.au","IndustrialMaintenance.AccountsPayable@programmed.com.au,IndustrialMaintenance.AccountsPayable@intgroup.mail.onmicrosoft.com","17573","N/A","","Shared Mailbox","UserMailbox","UserMailbox","True","2022-09-20"
"Invoice WA","Invoice WA","Invoice","WA","invoicewa@programmed.com.au","invoicewa","invoicewa","CN=Invoice WA,OU=Service Accounts,OU=PRG,DC=iwf,DC=com,DC=au","invoicewa@programmed.com.au","Invoice.WA@programmed.com.au,invoicewa@programmed.com.au,Invoice.WA@intgroup.mail.onmicrosoft.com,IWA@programmed.com.au","31537","421812","Tungsten (WA)","Service Account","UserMailbox","UserMailbox","True","2022-09-20"
"Invoice WA Project Team","Invoice WA Project Team","Invoice WA","Project Team","InvoiceWA.ProjectTeam@programmed.com.au","invoicewapt","invoicewapt","CN=Invoice WA Project Team,OU=Shared Resources,OU=PRG,DC=iwf,DC=com,DC=au","InvoiceWA.ProjectTeam@programmed.com.au","InvoiceWA.ProjectTeam@intgroup.mail.onmicrosoft.com,invoicewapt@programmed.com.au,InvoiceWA.ProjectTeam@programmed.com.au","173429","421812","","Shared Mailbox","UserMailbox","SharedMailbox","True","2022-01-27"
"KLMAVProgrammingVIC","KLMAVProgrammingVIC","KLMAVProgrammingVIC","","KLMAVProgrammingVIC@programmed.com.au","KLMAVProgrammingVIC","KLMAVProgrammingVIC","CN=KLMAVProgrammingVIC,OU=Service Accounts,OU=PRG,DC=iwf,DC=com,DC=au","KLMAVProgrammingVIC@programmed.com.au","KLMAVProgrammingVIC@intgroup.mail.onmicrosoft.com,KLMAVProgrammingVIC@programmed.com.au,KLMAVProgrammingVIC@klmgroup.com.au,KLMAVProgrammingVIC@allied.com.au,KLMAVProgrammingVIC@northeastelectrical.com.au,KLMAVProgrammingVIC@kwmc.com.au,K4@klmgroup.com.au","447","N/A","","Service Account","UserMailbox","UserMailbox","True","2022-09-16"
"KNR Safety","KNR Safety","KNR","Safety","knrsafety@programmed.com.au","KNRsafety","KNRsafety","CN=KNR Safety,OU=Users,OU=Kwinana,OU=WA,OU=AU,OU=PIM,OU=PRG,DC=iwf,DC=com,DC=au","KNR.Safety@programmed.com.au","KNRsafety@programmed.com.au,KNR.Safety@intgroup.mail.onmicrosoft.com,KNR.Safety@programmed.com.au,KNRsafety@intgroup.mail.onmicrosoft.com","212","N/A","","Shared Mailbox","UserMailbox","UserMailbox","True","2022-07-22"
"Landscape VIC","Landscape VIC","Landscape","VIC","landscape.vic@programmed.com.au","landscape.vic","landscape.vic","CN=Landscape VIC,OU=Shared Resources,OU=PRG,DC=iwf,DC=com,DC=au","landscape.vic@programmed.com.au","landscape.vic@programmed.com.au,Landscape.VIC@intgroup.mail.onmicrosoft.com","128","N/A","","Shared Mailbox","UserMailbox","UserMailbox","True","2022-09-19"
"LauncestonPSW Voicemail","LauncestonPSW Voicemail","LauncestonPSW","Voicemail","LauncestonPSW.Voicemail@programmed.com.au","launcestonvm","launcestonvm","CN=LauncestonPSW Voicemail,OU=Shared Resources,OU=PRG,DC=iwf,DC=com,DC=au","LauncestonPSW.Voicemail@programmed.com.au","LVoicemail@programmed.com.au,LauncestonPSW.Voicemail@programmed.com.au,launcestonvm@programmed.com.au,LauncestonPSW.Voicemail@intgroup.mail.onmicrosoft.com,LVoicemail@pmsltd.co.nz,LVoicemail@pmsltd.com.au,launcestonvm@intgroup.mail.onmicrosoft.com,LauncestonPSW.Voiicemail@programmed.com.au","2","N/A","","Equipment Mailbox","UserMailbox","SharedMailbox","True","2019-05-31"
"Liverpool Transitions","Liverpool Transitions","Liverpool","Transitions","liverpooltransitions@programmed.com.au","liverpooltransitions","liverpooltransitions","CN=Liverpool Transitions,OU=Shared Resources,OU=PRG,DC=iwf,DC=com,DC=au","liverpooltransitions@programmed.com.au","liverpooltransitions@programmed.com.au,Liverpool.Transitions@programmed.com.au,Liverpool.Transitions@intgroup.mail.onmicrosoft.com","42","N/A","","Shared Mailbox","UserMailbox","UserMailbox","True","2022-09-19"
"Maintenance Enquiry","Maintenance Enquiry","Maintenance","Enquiry","Maintenance.Enquiry@programmed.com.au","Maintenance.Enquiry","Maintenance.Enquiry","CN=Maintenance Enquiry,OU=Shared Resources,OU=PRG,DC=iwf,DC=com,DC=au","Maintenance.Enquiry@programmed.com.au","Maintenance.Enquiry@intgroup.mail.onmicrosoft.com,Maintenance.Enquiry@programmed.com.au","183","N/A","","Shared Mailbox","UserMailbox","UserMailbox","True","2022-09-19"
"Mapilab_Agent","Mapilab_Agent","Mapilab_Agent","","Mapilab_Agent@programmed.com.au","Mapilab_Agent","Mapilab_Agent","CN=Mapilab_Agent,OU=Service Accounts,DC=iwf,DC=com,DC=au","Mapilab_Agent@programmed.com.au","M2@programmed.com.au,Mapilab_Agent@programmed.com.au,M5@pmsltd.co.nz,M5@pmsltd.com.au,Mapilab_Agent@intgroup.mail.onmicrosoft.com","3","N/A","","Service Account","UserMailbox","UserMailbox","True","2022-09-20"
"Maximo Attachments","Maximo Attachments","Maximo","Attachments","MaximoAttachments@programmed.com.au","MaximoAttachments","MaximoAttachments","CN=Maximo Attachments,OU=Shared Resources,OU=PRG,DC=iwf,DC=com,DC=au","MaximoAttachments@programmed.com.au","MaximoAttachments@programmed.com.au,Maximo.Attachments@programmed.com.au,Maximo.Attachments@intgroup.mail.onmicrosoft.com","101644","0","","Shared Mailbox","UserMailbox","UserMailbox","True","2022-09-20"
"MelAir Fault","MelAir Fault","MelAir","Fault","melairfault@programmed.com.au","melairfault","APAMFaultline","CN=MelAir Fault,OU=Shared Resources,OU=PRG,DC=iwf,DC=com,DC=au","melairfault@programmed.com.au","MelAir.Fault@intgroup.mail.onmicrosoft.com,MelAir.Faultline@programmed.com.au,melairfault@programmed.com.au,MelAir.Fault@programmed.com.au,APAM.Faultline@programmed.com.au,MelAir.Faultline@intgroup.mail.onmicrosoft.com,APAMFaultline@programmed.com.au,APAM.Faultline@intgroup.mail.onmicrosoft.com","12103","N/A","","Shared Mailbox","UserMailbox","UserMailbox","True","2022-09-14"
"Michael Eskitzis X","Michael Eskitzis X","Michael","Eskitzis X","Michael.EskitzisX@programmed.com.au","Michael.EskitzisX","Michael.EskitzisX","CN=Michael Eskitzis X,OU=Internal,OU=Admin Users,OU=Privileged Access,OU=PRG,DC=iwf,DC=com,DC=au","Michael.Eskitzis2@programmed.com.au","Michael.Eskitzis2@intgroup.mail.onmicrosoft.com,Michael.Eskitzis2@programmed.com.au","1","N/A","","","UserMailbox","UserMailbox","True","2019-08-21"
"MiContact Center Test Mailbox","MiContact Center Test Mailbox","MiContact Center Test Mailbox","","MiCCTest@programmed.com.au","MiCCTest","MiCCTest","CN=MiContact Center Test Mailbox,OU=Shared Resources,OU=PRG,DC=iwf,DC=com,DC=au","MiContactCenterTestMailbox@programmed.com.au","MiContactCenterTestMailbox@intgroup.mail.onmicrosoft.com,MiContactCenterTestMailbox@programmed.com.au","240","N/A","","Shared Mailbox","UserMailbox","UserMailbox","True","2022-09-20"
"MiContact Centre Reporting","MiContact Centre Reporting","MiContact Centre Reporting","","micontactcentrereporting@programmed.com.au","PERMS13_CCMMail","PERMS13_CCMMail","CN=MiContact Centre Reporting,OU=Service Accounts,OU=PRG,DC=iwf,DC=com,DC=au","micontactcentrereporting@programmed.com.au","PERMS13_CCMMail@intgroup.mail.onmicrosoft.com,micontactcentrereporting@programmed.com.au,PERMS13_CCMMail@programmed.com.au,ccm-no-reply@programmed.com.au","754","N/A","","Shared Mailbox","UserMailbox","UserMailbox","True","2022-09-20"
"MRWA","MRWA","MRWA","","MRWA@programmed.com.au","MRWA","MRWA","CN=MRWA,OU=Shared Resources,OU=PRG,DC=iwf,DC=com,DC=au","MRWA@programmed.com.au","MRWA@intgroup.mail.onmicrosoft.com,MRWA@programmed.com.au","10003","N/A","","Shared Mailbox","UserMailbox","UserMailbox","True","2022-09-19"
"MTW","MTW","MTW","","MTW@programmed.com.au","MTW","MTW","CN=MTW,OU=Shared Resources,OU=PRG,DC=iwf,DC=com,DC=au","MTW@programmed.com.au","MTW@intgroup.mail.onmicrosoft.com,MTW@programmed.com.au","3615","N/A","Singleton","Shared Mailbox","UserMailbox","UserMailbox","True","2022-09-19"
"MTW Interpretation","MTW Interpretation","","","MTWInterpretation@programmed.com.au","mtwinterpretation","mtwinterpretation","CN=MTW Interpretation,OU=Shared Resources,OU=PRG,DC=iwf,DC=com,DC=au","MTWInterpretation@programmed.com.au","mtwinterpretation@intgroup.mail.onmicrosoft.com,mtwinterpretation@intgroup.com.au,MTWInterpretation@programmed.com.au,mtwinterpretation@integrated.com.au","50980","N/A","","Shared Mailbox","UserMailbox","SharedMailbox","True","2022-06-30"
"navnas","navnas","","","navnas@programmed.com.au","navnas","navnas","CN=navnas,OU=Service Accounts,DC=iwf,DC=com,DC=au","navnas@programmed.com.au","navnas@pmsltd.co.nz,navnas@programmed.com.au,navnas@pmsltd.com.au,navnas@intgroup.mail.onmicrosoft.com,navnas@intgroup.com.au,navnas@integrated.com.au,DoHVICParser@programmed.com.au","1","N/A","","Service Account","UserMailbox","UserMailbox","True",""
"noreplyHACTComplaints","noreplyHACTComplaints","noreplyHACTComplaints","","noreplyHACTComplaints@programmed.com.au","noreplyHACTComplaint","noreplyHACTComplaint","CN=noreplyHACTComplaints,OU=Shared Resources,OU=PRG,DC=iwf,DC=com,DC=au","noreplyHACTComplaints@programmed.com.au","noreplyHACTComplaints@programmed.com.au,noreplyHACTComplaints@intgroup.mail.onmicrosoft.com,noreplyHACTComplaint@intgroup.mail.onmicrosoft.com","990","N/A","","Shared Mailbox","UserMailbox","UserMailbox","True","2022-09-19"
"Notting Hill Rostering","Notting Hill Rostering","","","nottinghillrostering1@programmed.com.au","nottinghillrostering1","nottinghillrostering","CN=Notting Hill Rostering,OU=Shared Resources,OU=PRG,DC=iwf,DC=com,DC=au","nottinghillrostering1@programmed.com.au","nottinghillrostering1@intgroup.mail.onmicrosoft.com,nottinghillrostering1@programmed.com.au","6385","N/A","","Shared Mailbox","UserMailbox","UserMailbox","True","2022-09-19"
"NSC - Maximo","NSC - Maximo","NSC - Maximo","","NSC-Maximo@programmed.com.au","nsc-maximo","nsc-maximo","CN=NSC - Maximo,OU=Shared Resources,OU=PRG,DC=iwf,DC=com,DC=au","NSC-Maximo@programmed.com.au","nsc-maximo@intgroup.mail.onmicrosoft.com,NSC-Maximo@programmed.com.au","0","359","","Shared Mailbox","UserMailbox","UserMailbox","True","2022-09-20"
"NSC - NAV","NSC - NAV","NSC - NAV","","NSC-NAV@programmed.com.au","nsc-nav","nsc-nav","CN=NSC - NAV,OU=Shared Resources,OU=PRG,DC=iwf,DC=com,DC=au","NSC-NAV@programmed.com.au","nsc-nav@intgroup.mail.onmicrosoft.com,NSC-NAV@programmed.com.au","0","110","","Shared Mailbox","UserMailbox","UserMailbox","True","2022-09-20"
"Operations Support Team","Operations Support Team","Operations Support Team","","pswoperationssupport@programmed.com.au","pswoperationssupport","pswoperationssupport","CN=Operations Support Team,OU=Shared Resources,OU=PRG,DC=iwf,DC=com,DC=au","pswoperationssupport@programmed.com.au","pswoperationssupport@programmed.com.au,OperationsSupportTeam@programmed.com.au,OperationsSupportTeam@intgroup.mail.onmicrosoft.com","19911","N/A","","Shared Mailbox","UserMailbox","UserMailbox","True","2022-09-19"
"OPTUSRFP","OPTUSRFP","OPTUSRFP","","OPTUSRFP@programmed.com.au","OPTUSRFP","OPTUSRFP","CN=OPTUSRFP,OU=Shared Resources,OU=PRG,DC=iwf,DC=com,DC=au","OPTUSRFP@programmed.com.au","OPTUSRFP@intgroup.mail.onmicrosoft.com,OPTUSRFP@programmed.com.au","65","N/A","","Service Account","UserMailbox","UserMailbox","True","2022-09-19"
"Payroll","Payroll","Payroll","","payroll@programmed.com.au","payroll","payroll","CN=Payroll,OU=Shared Resources,OU=PRG,DC=iwf,DC=com,DC=au","Payroll@programmed.com.au","Payroll@intgroup.mail.onmicrosoft.com,Payroll@programmed.com.au","1799","N/A","","Shared Mailbox","UserMailbox","UserMailbox","True","2022-09-19"
"Payroll Systems","Payroll Systems","Payroll","Systems","payrollsystems@programmed.com.au","payrollsystems","payrollsystems","CN=Payroll Systems,OU=Shared Resources,OU=PRG,DC=iwf,DC=com,DC=au","Payroll.Systems@programmed.com.au","payrollsystems@programmed.com.au,Payroll.Systems@intgroup.mail.onmicrosoft.com,Payroll.Systems@programmed.com.au","8377","N/A","","Shared Mailbox","UserMailbox","UserMailbox","True","2022-09-19"
"PEM","PEM","PEM","","PEM@programmed.com.au","PEM","PEM","CN=PEM,OU=Users,OU=Laverton,OU=VIC,OU=AU,OU=IWF,OU=PRG,DC=iwf,DC=com,DC=au","PEM@programmed.com.au","PEM@intgroup.mail.onmicrosoft.com,PEM@programmed.com.au","32","N/A","","Generic Account","UserMailbox","UserMailbox","True","2022-09-19"
"perrs01_ReadSoft","perrs01_ReadSoft","","perrs01_ReadSoft","perrs01_ReadSoft@programmed.com.au","perrs01_ReadSoft","perrs01_ReadSoft","CN=perrs01_ReadSoft,OU=Service Accounts,DC=iwf,DC=com,DC=au","perrs01_ReadSoft@programmed.com.au","perrs01_ReadSoft@pmsltd.co.nz,perrs01_ReadSoft@programmed.com.au,perrs01_ReadSoft@intgroup.mail.onmicrosoft.com,perrs01_ReadSoft@pmsltd.com.au,perrs01_ReadSoft@intgroup.com.au,perrs01_ReadSoft@integrated.com.au","8428","N/A","","Service Account","UserMailbox","UserMailbox","True",""
"perrs02_readsoft","perrs02_readsoft","","perrs02_readsoft","perrs02_readsoft@programmed.com.au","perrs02_readsoft","perrs02_readsoft","CN=perrs02_readsoft,OU=Service Accounts,DC=iwf,DC=com,DC=au","perrs02_readsoft@programmed.com.au","perrs02_readsoft@pmsltd.co.nz,perrs02_readsoft@programmed.com.au,perrs02_readsoft@pmsltd.com.au,perrs02_readsoft@intgroup.mail.onmicrosoft.com","0","N/A","","Service Account","UserMailbox","UserMailbox","True",""
"PET Accounts Payable","PET Accounts Payable","","","apvic@programmed.com.au","klmapvic","klmapvic","CN=PET Accounts Payable,OU=Service Accounts,DC=iwf,DC=com,DC=au","apvic@programmed.com.au","klmapvic@programmed.com.au,klmapvic@intgroup.mail.onmicrosoft.com,apvic@intgroup.mail.onmicrosoft.com,KLMAP.VIC@programmed.com.au,apvic@programmed.com.au,KLMAP.VIC@klmgroup.com.au,apvic@northeastelectrical.com.au,apvic@klmgroup.com.au,KLMAP.VIC@kwmc.com.au,accountspayable@klmgroup.com.au,klmap.vic@allied.com.au,apvic@allied.com.au","120632","N/A","Port Melbourne","Shared Mailbox","UserMailbox","UserMailbox","True","2022-09-20"
"PET Client Services VIC","PET Client Services VIC","PET","Client Services VIC","klmclientservices@programmed.com.au","clientservices","klmclientservices","CN=PET Client Services VIC,OU=Shared Resources,OU=PRG,DC=iwf,DC=com,DC=au","ClientServicesVIC@programmed.com.au","ClientServicesVIC@programmed.com.au,clientservices@programmed.com.au,PET.ClientServices@programmed.com.au,PET.ClientServices@intgroup.mail.onmicrosoft.com,clientservices@klmgroup.com.au,ClientServicesVIC@klmgroup.com.au,KLM.ClientServices@allied.com.au,KLM.ClientServices@klmgroup.com.au,service@klmgroup.com.au,clientservices@allied.com.au","42670","N/A","Port Melbourne","Shared Mailbox","UserMailbox","UserMailbox","True","2022-09-20"
"PET ClientServices NT","PET ClientServices NT","PET","ClientServices NT","ClientServicesNT@programmed.com.au","ClientServicesNT","ClientServicesNT","CN=PET ClientServices NT,OU=Shared Resources,OU=PRG,DC=iwf,DC=com,DC=au","ClientServicesNT@programmed.com.au","ClientServicesNT@programmed.com.au,PET.ClientServicesNT@programmed.com.au,PET.ClientServicesNT@intgroup.mail.onmicrosoft.com","34","N/A","","Generic Account","UserMailbox","UserMailbox","True","2022-09-19"
"PETNSWFACOPS","PETNSWFACOPS","","","PETNSWFACOPS@programmed.com.au","PETNSWFACOPS","PETNSWFACOPS","CN=PETNSWFACOPS,OU=Shared Resources,OU=PRG,DC=iwf,DC=com,DC=au","PETNSWFACOPS@programmed.com.au","PETNSWFACOPS@intgroup.mail.onmicrosoft.com,PETNSWFACOPS@programmed.com.au","333","N/A","","Shared Mailbox","UserMailbox","UserMailbox","True","2022-09-20"
"PETNT","PET NT Services","","","PETNTServices@programmed.com.au","PETNTServices","PETNTServices","CN=PET NT Services,OU=Mailboxes,OU=SA,OU=AU,OU=KLM,OU=PRG,DC=iwf,DC=com,DC=au","PETNTServices@programmed.com.au","PETNTServices@intgroup.mail.onmicrosoft.com,PETNTServices@programmed.com.au","266","N/A","Glynde","Shared Mailbox","UserMailbox","UserMailbox","True","2022-09-19"
"PETWAFacops","PETWAFacops","PETWAFacops","","PETWAFacops@iwf.com.au","PETWAFacops","PETWAFacops","CN=PETWAFacops,OU=Mailboxes,OU=WA,OU=AU,OU=KLM,OU=PRG,DC=iwf,DC=com,DC=au","PETWAFacops@programmed.com.au","PETWAFacops@klmgroup.com.au,PETWAFacops@intgroup.mail.onmicrosoft.com,PETWAFacops@programmed.com.au","3371","N/A","Belmont","Shared Mailbox","UserMailbox","UserMailbox","True","2022-09-19"
"PFM Central Mailbox","PFM Central Mailbox","PFM","Central Mailbox","pfmcentralmailbox@programmed.com.au","pfmcentralmailbox","pfmcentralmailbox","CN=PFM Central Mailbox,OU=Shared Resources,OU=PRG,DC=iwf,DC=com,DC=au","PFM.CentralMailbox@programmed.com.au","PFM.CentralMailbox@intgroup.mail.onmicrosoft.com,pfmcentralmailbox@programmed.com.au,PFM.CentralMailbox@programmed.com.au","440","N/A","","Shared Calendar","UserMailbox","UserMailbox","True","2022-09-19"
"PFM NZ","PFM NZ","PFM NZ","","pfmnz@programmed.co.nz","PFMNZ","PFMNZ","CN=PFM NZ,OU=Shared Resources,OU=PRG,DC=iwf,DC=com,DC=au","pfmnz@programmed.co.nz","PFMNZ@intgroup.mail.onmicrosoft.com,pfmnz@programmed.co.nz,PFMNZ_OLD@programmed.co.nz","12","68","","Shared Mailbox","UserMailbox","UserMailbox","True","2022-09-20"
"pfmapinvoices","pfmapinvoices","pfmapinvoices","","pfmapinvoices@programmed.com.au","pfmapinvoices","pfmapinvoices","CN=pfmapinvoices,OU=Service Accounts,DC=iwf,DC=com,DC=au","pfmapinvoices@programmed.com.au","pfmapinvoices@programmed.com.au,pfmapinvoices@intgroup.mail.onmicrosoft.com","245537","0","","Service Account","UserMailbox","UserMailbox","True","2022-09-20"
"PFMNZ RiskAlerts","PFMNZ RiskAlerts","PFMNZ","Risk Alerts","PFMNZRiskAlerts@programmed.co.nz","PFMNZRiskAlerts","PFMNZRiskAlerts","CN=PFMNZ RiskAlerts,OU=Shared Resources,OU=PRG,DC=iwf,DC=com,DC=au","PFMNZ.RiskAlerts@programmed.co.nz","PFMNZ.RiskAlerts@intgroup.mail.onmicrosoft.com,PFMNZ.RiskAlerts@programmed.co.nz","10325","N/A","","Shared Mailbox","UserMailbox","UserMailbox","True","2022-09-20"
"PHP - Compliance & Complaints","PHP - Compliance & Complaints","PHP","Compliance & Complaints","PHP.ComplianceComplaints@programmed.com.au","PHP-MOT","PHP-MOT","CN=PHP - Compliance & Complaints,OU=Shared Resources,OU=PRG,DC=iwf,DC=com,DC=au","PHP.Compliance@programmed.com.au","PHP.Compliance@programmed.com.au,PHP.ComplianceComplaints@programmed.com.au,PHP.Compliance&Complaints@intgroup.mail.onmicrosoft.com,PHP-MOT@programmed.com.au","32362","N/A","","Shared Mailbox","UserMailbox","SharedMailbox","True","2022-09-19"
"PHP - NThealth","PHP - NT health","","","phpnthealth@programmed.com.au","phpnthealth","phpnthealth","CN=PHP - NT health,OU=Shared Resources,OU=PRG,DC=iwf,DC=com,DC=au","phpnthealth@programmed.com.au","php.NThealth@programmed.com.au,phpnthealth@intgroup.mail.onmicrosoft.com,phpnthealth@programmed.com.au","900","N/A","","Shared Mailbox","UserMailbox","UserMailbox","True","2022-09-19"
"PHP NDIS","PHP NDIS","PHP","NDIS","php.ndis@programmed.com.au","php.ndis","php.ndis","CN=PHP NDIS,OU=Shared Resources,OU=PRG,DC=iwf,DC=com,DC=au","PHP.NDIS@programmed.com.au","PHP.NDIS@intgroup.mail.onmicrosoft.com,PHP.NDIS@programmed.com.au","3191","N/A","","Shared Mailbox","UserMailbox","UserMailbox","True","2022-09-20"
"PHP Payroll","PHP Payroll","","","php.payroll@programmed.com.au","php.payroll","php.payroll","CN=PHP Payroll,OU=Shared Resources,OU=PRG,DC=iwf,DC=com,DC=au","php.payroll@programmed.com.au","healthprofessionalspayroll@programmed.com.au,php.payroll@programmed.com.au,php.payroll@intgroup.mail.onmicrosoft.com","116669","212372","","Shared Mailbox","UserMailbox","UserMailbox","True","2022-09-20"
"PIM WA Fax","PIM WA Fax","PIM WA","Fax","PIMWAFax@programmed.com.au","PIMWAFax","PIMWAFax","CN=PIM WA Fax,OU=Shared Resources,OU=PRG,DC=iwf,DC=com,DC=au","PIMWA.Fax@programmed.com.au","PIMWA.Fax@programmed.com.au,PIMWAFax@programmed.com.au,PIMWA.Fax@intgroup.mail.onmicrosoft.com","27","N/A","","Shared Mailbox","UserMailbox","UserMailbox","True","2022-09-16"
"PIW PSW Timesheets","PIW PSW Timesheets","","PIW PSW Timesheets","PIWPSWTimesheets@programmed.com.au","PIWPSWTimesheets","PIWPSWTimesheets","CN=PIW PSW Timesheets,OU=Shared Resources,OU=PRG,DC=iwf,DC=com,DC=au","PIWPSWTimesheets@programmed.com.au","PIWPSWTimesheets@intgroup.mail.onmicrosoft.com,PIWPSWTimesheets@programmed.com.au","39623","558851","","Shared Mailbox","UserMailbox","SharedMailbox","True","2022-09-20"
"PM.HSE","PM.HSE","PM.HSE","","PM.HSE@programmed.com.au","PM.HSE","PM.HSE","CN=PM.HSE,OU=Shared Resources,OU=PRG,DC=iwf,DC=com,DC=au","PM.HSE@programmed.com.au","PM.HSE@intgroup.mail.onmicrosoft.com,PM.HSE@programmed.com.au","82","N/A","","Shared Mailbox","UserMailbox","UserMailbox","True","2022-09-19"
"PMS Procurement","PMS Procurement","PMS","Procurement","PMS.Procurement@programmed.com.au","PMS.Procurement","PMS.Procurement","CN=PMS Procurement,OU=Service,OU=NSW,OU=AU,OU=PPS,OU=PRG,DC=iwf,DC=com,DC=au","PMS.Procurement@programmed.com.au","PMS.Procurement@intgroup.mail.onmicrosoft.com,PMS.Procurement@programmed.com.au","36725","N/A","","Shared Mailbox","UserMailbox","UserMailbox","True","2022-09-20"
"PPCurtinACT Voicemail","PPCurtinACT Voicemail","PPCurtinACT","Voicemail","ppcurtin.voicemail@iwf.com.au","ppcurtin.voicemail","ppcurtin.voicemail","CN=PPCurtinACT Voicemail,OU=Shared Resources,OU=PRG,DC=iwf,DC=com,DC=au","PPCurtinACT.Voicemail@programmed.com.au","PPCurtinACT.Voicemail@intgroup.mail.onmicrosoft.com,PPCurtinACT.Voicemail@programmed.com.au","6","N/A","","Equipment Mailbox","UserMailbox","UserMailbox","True","2020-01-22"
"PPS Accounts Payable","PPS Accounts Payable","PPS","Accounts Payable","accountspayable@programmed.com.au","PPSaccountspayable","PPSaccountspayable","CN=PPS Accounts Payable,OU=Service Accounts,DC=iwf,DC=com,DC=au","accountspayable@programmed.com.au","PPS.AccountsPayable@programmed.com.au,PPS.AccountsPayable@intgroup.mail.onmicrosoft.com,PPSaccountspayable@programmed.com.au,accountspayable@intgroup.com.au,accountspayable@integrated.com.au,accountspayable@programmed.co.nz,accountspayable@programmed.com.au","49209","275989","","Service Account","UserMailbox","UserMailbox","True","2022-09-20"
"PPS Credit","PPS Credit","PPS","Credit","ppscredit@programmed.com.au","ppscredit","ppscredit","CN=PPS Credit,OU=Shared Resources,OU=PRG,DC=iwf,DC=com,DC=au","ppscredit@programmed.com.au","ppscredit@programmed.com.au,PPS.Credit@programmed.com.au,PPS.Credit@intgroup.mail.onmicrosoft.com,credit@programmed.com.au,credit@pmsltd.com.au,info@pmsltd.com.au,PMSCredit@pmsltd.com.au,PCredit@programmed.com.au","20129","146770","Clayton","Shared Mailbox","UserMailbox","SharedMailbox","True","2022-09-20"
"PPS Payables","PPS Payables","PPS","Payables","ppspayables@programmed.co.nz","pps_payables","pps_payables","CN=PPS Payables,OU=Service Accounts,DC=iwf,DC=com,DC=au","ppspayables@programmed.co.nz","pps_payables@intgroup.mail.onmicrosoft.com,PPayables@programmed.co.nz,ppspayables@programmed.co.nz,pps_payables@programmed.co.nz","9502","76214","","Service Account","UserMailbox","UserMailbox","True","2022-09-20"
"PPS Shared Artwork Mailbox","PPS Shared Artwork Mailbox","","","pps.artwork.request@programmed.com.au","pps.artwork.request","pps.artwork.request","CN=PPS Shared Artwork Mailbox,OU=Users,OU=!Clayton Support Office,OU=VIC,OU=AU,OU=PPS,OU=PRG,DC=iwf,DC=com,DC=au","pps.artwork.request@programmed.com.au","pps.artwork.request@intgroup.mail.onmicrosoft.com,pps.artwork.request@programmed.com.au","25118","N/A","","Shared Mailbox","UserMailbox","UserMailbox","True","2022-09-20"
"PPS WA Admin","PPS WA Admin","PPS WA Admin","","adminkewdale@programmed.com.au","adminkewdale","adminkewdale","CN=PPS WA Admin,OU=Shared Resources,OU=PRG,DC=iwf,DC=com,DC=au","PPSWAAdmin@programmed.com.au","PPSWAAdmin@intgroup.mail.onmicrosoft.com,nadia.ozaibi@programmed.com.au,PPSWAAdmin@programmed.com.au,adminkewdale@programmed.com.au,Admin.Kewdale@programmed.com.au","14769","14819","","Shared Mailbox","UserMailbox","UserMailbox","True","2022-09-19"
"ppswagesubsidy","ppswagesubsidy","","","ppswagesubsidy@programmed.com.au","ppswagesubsidy","ppswagesubsidy","CN=ppswagesubsidy,OU=Shared Resources,OU=PRG,DC=iwf,DC=com,DC=au","ppswagesubsidy@programmed.com.au","ppswagesubsidy@intgroup.mail.onmicrosoft.com,ppswagesubsidy@programmed.com.au","9","N/A","","Service Account","UserMailbox","UserMailbox","True","2022-09-19"
"PRA Accounts","PRA Accounts","PRA Accounts","","pra.accounts@programmed.com.au","pra.accounts","pra.accounts","CN=PRA Accounts,OU=Service Accounts,DC=iwf,DC=com,DC=au","pra.accounts@programmed.com.au","pra.accounts@intgroup.mail.onmicrosoft.com,pra.accounts@programmed.com.au,PRAAccounts@programmed.com.au","422","N/A","","Service Account","UserMailbox","UserMailbox","True","2022-09-20"
"Programmed Facility Management AR","Programmed Facility Management AR","Programmed","Facility Management AR","ar@programmed.com.au","ar","ar","CN=Programmed Facility Management AR,OU=Shared Resources,OU=PRG,DC=iwf,DC=com,DC=au","AR@programmed.com.au","ar@intgroup.mail.onmicrosoft.com,AR@programmed.com.au","8544","N/A","FM - Lonsdale Street","Generic Account","UserMailbox","UserMailbox","True","2022-09-19"
"Programmed Portal Support","Programmed Portal Support","Programmed","Portal Support","PERCR01_Portal@programmed.com.au","Portal.Support","PERCR01_Portal","CN=Programmed Portal Support,OU=Service Accounts,DC=iwf,DC=com,DC=au","Programmed.PortalSupport@programmed.com.au","PPortalSupport@programmed.com.au,Programmed.PortalSupport@programmed.com.au,Programmed.PortalSupport@intgroup.mail.onmicrosoft.com,PPortalSupport@pmsltd.co.nz,PPortalSupport@pmsltd.com.au,Portal.Support@programmed.com.au,PortalSupport@programmed.com.au,Portal.Support@intgroup.mail.onmicrosoft.com","752","N/A","","Service Account","UserMailbox","UserMailbox","True","2022-09-20"
"Programmed Safety Accounts Payable","Programmed Safety Accounts Payable","Programmed Safety","Accounts Payable","psafetyaccountspayable@programmed.com.au","programmedsafetyap","programmedsafetyap","CN=Programmed Safety Accounts Payable,OU=Shared Resources,OU=PRG,DC=iwf,DC=com,DC=au","psafetyaccountspayable@programmed.com.au","programmedsafetyap@intgroup.mail.onmicrosoft.com,ProgrammedSafety.AccountsPayable@programmed.com.au,psafetyaccountspayable@programmed.com.au","11","N/A","","Shared Mailbox","UserMailbox","SharedMailbox","True","2022-09-20"
"ProgrammedET Care","ProgrammedET Care","ProgrammedET Care","","Care@programmed.com.au","Care","Care","CN=ProgrammedET Care,OU=Mailboxes,OU=Port Melbourne,OU=VIC,OU=AU,OU=KLM,OU=PRG,DC=iwf,DC=com,DC=au","Care@programmed.com.au","Care@intgroup.mail.onmicrosoft.com,PETiPadACT@programmed.com.au,PETiPadQLD@programmed.com.au,PETiPadWA@programmed.com.au,PETiPadSA@programmed.com.au,PETiPadVICET@programmed.com.au,PETiPadVICAV@programmed.com.au,PETiPadNSW@programmed.com.au,Care@klmgroup.com.au,Care@programmed.com.au,KLM.Care@programmed.com.au,KLM.Care@klmgroup.com.au,KCare@klmgroup.com.au,KLM.Care@kwmc.com.au,KLM.Care@allied.com.au,Care@kwmc.com.au,Care@northeastelectrical.com.au,Care@qolit.com.au,Care@allied.com.au","54168","0","Port Melbourne","Shared Mailbox","UserMailbox","UserMailbox","True","2022-09-20"
"ProgrammedFM AHG","ProgrammedFM AHG","ProgrammedFM AHG","","ProgrammedFMAHG@staff.programmed.com.au","ProgrammedFMAHG","ProgrammedFMAHG","CN=ProgrammedFM AHG,OU=Shared Resources,OU=PRG,DC=iwf,DC=com,DC=au","ProgrammedFMAHG@intgroup.mail.onmicrosoft.com","ProgrammedFMAHG@intgroup.mail.onmicrosoft.com","355","6327","","Shared Mailbox","UserMailbox","UserMailbox","True","2022-09-20"
"ProgrammedFM Allocations","ProgrammedFM Allocations","ProgrammedFM Allocations","","ProgrammedFMAllocations@programmed.com.au","pfmallocations","pfmallocations","CN=ProgrammedFM Allocations,OU=Shared Resources,OU=PRG,DC=iwf,DC=com,DC=au","ProgrammedFMAllocations@programmed.com.au","ProgrammedFMAllocations@intgroup.mail.onmicrosoft.com,pfmallocations@programmed.com.au,ProgrammedFMAllocations@programmed.com.au","11","1299","","Shared Mailbox","UserMailbox","UserMailbox","True","2022-09-20"
"ProgrammedFM AMart Furniture","ProgrammedFM AMart Furniture","ProgrammedFM AMart Furniture","","pfmamartfurniture@programmed.com.au","pfmamartfurniture","pfmamartfurniture","CN=ProgrammedFM AMart Furniture,OU=Shared Resources,OU=PRG,DC=iwf,DC=com,DC=au","pfmamartfurniture@programmed.com.au","pfmamartfurniture@programmed.com.au,ProgrammedFMAMartFurniture@programmed.com.au,ProgrammedFMAMartFurniture@intgroup.mail.onmicrosoft.com","7","1007","","Shared Mailbox","UserMailbox","UserMailbox","True","2022-09-20"
"ProgrammedFM Baxter","ProgrammedFM Baxter","ProgrammedFM Baxter","","ProgrammedFMBaxter@staff.programmed.com.au","ProgrammedFMBaxter","ProgrammedFMBaxter","CN=ProgrammedFM Baxter,OU=Shared Resources,OU=PRG,DC=iwf,DC=com,DC=au","ProgrammedFMBaxter@intgroup.mail.onmicrosoft.com","ProgrammedFMBaxter@intgroup.mail.onmicrosoft.com","2123","N/A","","Shared Mailbox","UserMailbox","UserMailbox","True","2022-09-20"
"ProgrammedFM Brigidine Sisters","ProgrammedFM Brigidine Sisters","ProgrammedFM Brigidine Sisters","","PFMBrigidineSisters@programmed.com.au","PFMBrigidineSisters","PFMBrigidineSisters","CN=ProgrammedFM Brigidine Sisters,OU=Shared Resources,OU=PRG,DC=iwf,DC=com,DC=au","ProgrammedFM.BrigidineSisters@programmed.com.au","ProgrammedFM.BrigidineSisters@programmed.com.au,ProgrammedFM.BrigidineSisters@intgroup.mail.onmicrosoft.com","0","16","","Shared Mailbox","UserMailbox","UserMailbox","True","2022-09-20"
"ProgrammedFM Cancer Council","ProgrammedFM Cancer Council","ProgrammedFM Cancer Council","","pfmcancercouncil@programmed.com.au","pfmcancercouncil","pfmcancercouncil","CN=ProgrammedFM Cancer Council,OU=Shared Resources,OU=PRG,DC=iwf,DC=com,DC=au","pfmcancercouncil@programmed.com.au","ProgrammedFMCancerCouncil@programmed.com.au,pfmcancercouncil@programmed.com.au,ProgrammedFMCancerCouncil@intgroup.mail.onmicrosoft.com","0","0","","Shared Mailbox","UserMailbox","UserMailbox","True","2022-09-20"
"ProgrammedFM Catholic Healthcare","ProgrammedFM Catholic Healthcare","ProgrammedFM Catholic Healthcare","","PFMCatholicHealthcare@programmed.com.au","PFMCatholicHealthcare","PFMCatholicHealthcar","CN=ProgrammedFM Catholic Healthcare,OU=Shared Resources,OU=PRG,DC=iwf,DC=com,DC=au","PFMCatholicHealthcare@programmed.com.au","ProgrammedFM.CatholicHealthcare@programmed.com.au,PFMCatholicHealthcare@programmed.com.au,ProgrammedFM.CatholicHealthcare@intgroup.mail.onmicrosoft.com","0","1","","Shared Mailbox","UserMailbox","UserMailbox","True","2022-09-20"
"ProgrammedFM Cotton On","ProgrammedFM Cotton On","ProgrammedFM Cotton On","","ProgrammedFMCottonOn@programmed.com.au","ProgrammedFMCO","ProgrammedFMCO","CN=ProgrammedFM Cotton On,OU=Shared Resources,OU=PRG,DC=iwf,DC=com,DC=au","ProgrammedFMCottonon@programmed.com.au","ProgrammedFMCO@programmed.com.au,ProgrammedFMCottonOn@intgroup.mail.onmicrosoft.com,ProgrammedFMCottonon@programmed.com.au","0","3959","","Shared Mailbox","UserMailbox","UserMailbox","True","2022-09-20"
"ProgrammedFM Curtin Admin","ProgrammedFM Curtin Admin","ProgrammedFM Curtin Admin","","curtinadmin@programmed.com.au","curtinadmin","curtinadmin","CN=ProgrammedFM Curtin Admin,OU=Shared Resources,OU=PRG,DC=iwf,DC=com,DC=au","curtinadmin@programmed.com.au","ProgrammedFMCurtinAdmin@programmed.com.au,curtinadmin@programmed.com.au,ProgrammedFMCurtinAdmin@intgroup.mail.onmicrosoft.com","6569","N/A","","Shared Mailbox","UserMailbox","UserMailbox","True","2022-09-19"
"ProgrammedFM Daughters of Charity","ProgrammedFM Daughters of Charity","ProgrammedFM","Daughters of Charity","PFMDaughtersOfCharity@programmed.com.au","PFMDaughtersOfCharity","PFMDaughtersOfCharit","CN=ProgrammedFM Daughters of Charity,OU=Shared Resources,OU=PRG,DC=iwf,DC=com,DC=au","PFMDaughtersOfCharity@programmed.com.au","ProgrammedFM.DaughtersofCharity@programmed.com.au,PFMDaughtersOfCharity@programmed.com.au,ProgrammedFM.DaughtersofCharity@intgroup.mail.onmicrosoft.com","0","1","","Shared Mailbox","UserMailbox","UserMailbox","True","2022-09-20"
"ProgrammedFM Fonterra","ProgrammedFM Fonterra","ProgrammedFM Fonterra","","PFMFonterra@programmed.co.nz","ProgrammedFonterraNZ","ProgrammedFonterraNZ","CN=ProgrammedFM Fonterra,OU=Shared Resources,OU=PRG,DC=iwf,DC=com,DC=au","PFMFonterra@programmed.co.nz","ProgrammedFonterraNZ@intgroup.mail.onmicrosoft.com,ProgrammedFonterraNZ@programmed.com.au,PFMFonterra@programmed.co.nz","696","45277","","Shared Mailbox","UserMailbox","UserMailbox","True","2022-09-20"
"ProgrammedFM G8 Education","ProgrammedFM G8 Education","ProgrammedFM G8 Education","","pfmg8education@programmed.com.au","pfmg8education","pfmg8education","CN=ProgrammedFM G8 Education,OU=Shared Resources,OU=PRG,DC=iwf,DC=com,DC=au","pfmg8education@programmed.com.au","ProgrammedFMG8Education@programmed.com.au,pfmg8education@programmed.com.au,ProgrammedFMG8Education@intgroup.mail.onmicrosoft.com","0","389","","Shared Mailbox","UserMailbox","UserMailbox","True","2022-09-20"
"ProgrammedFM Hammond Care","ProgrammedFM Hammond Care","ProgrammedFM Hammond Care","","pfmhammondcare@programmed.com.au","pfmhammond","pfmhammond","CN=ProgrammedFM Hammond Care,OU=Shared Resources,OU=PRG,DC=iwf,DC=com,DC=au","pfmhammondcare@programmed.com.au","ProgrammedFMHammondCare@programmed.com.au,pfmhammondcare@programmed.com.au,ProgrammedFMHammondCare@intgroup.mail.onmicrosoft.com","21","22","","Shared Mailbox","UserMailbox","UserMailbox","True","2022-09-20"
"ProgrammedFM Handovers","ProgrammedFM Handovers","ProgrammedFM Handovers","","handovers@programmed.com.au","pfmhandovers","pfmhandovers","CN=ProgrammedFM Handovers,OU=Shared Resources,OU=PRG,DC=iwf,DC=com,DC=au","handovers@programmed.com.au","pfmhandovers@intgroup.mail.onmicrosoft.com,ProgrammedFMHandovers@programmed.com.au,handovers@programmed.com.au","1","17263","","Shared Mailbox","UserMailbox","UserMailbox","True","2022-09-20"
"ProgrammedFM Healthy Life","ProgrammedFM Healthy Life","ProgrammedFM Healthy Life","","ProgrammedFMHealthyLife@programmed.com.au","PFMHealthyLife","PFMHealthyLife","CN=ProgrammedFM Healthy Life,OU=Shared Resources,OU=PRG,DC=iwf,DC=com,DC=au","ProgrammedFMHealthyLife@programmed.com.au","PFMHealthyLife@programmed.com.au,ProgrammedFMHealthyLife@programmed.com.au,ProgrammedFMHealthyLife@intgroup.mail.onmicrosoft.com,PFMHealthyLife@intgroup.mail.onmicrosoft.com","0","1599","","Shared Mailbox","UserMailbox","UserMailbox","True","2022-09-20"
"ProgrammedFM Help","ProgrammedFM Help","ProgrammedFM Help","","programmedfmhelp@programmed.com.au","tungstenhelp","tungstenhelp","CN=ProgrammedFM Help,OU=Shared Resources,OU=PRG,DC=iwf,DC=com,DC=au","programmedfmhelp@programmed.com.au","programmedfmhelp@programmed.com.au,THelp@pmsltd.com.au,tungstenhelp@intgroup.mail.onmicrosoft.com,tungstenhelp@tungstengroup.com,tungstenhelp@pmsltd.com.au,THelp@tungstengroup.com","1129","24052","","Shared Mailbox","UserMailbox","UserMailbox","True","2022-09-20"
"ProgrammedFM Housing SA","ProgrammedFM Housing SA","","","pfmsaha@programmed.com.au","pfmsaha","pfmsaha","CN=ProgrammedFM Housing SA,OU=Shared Resources,OU=PRG,DC=iwf,DC=com,DC=au","pfmsaha@programmed.com.au","pfmsaha@intgroup.mail.onmicrosoft.com,pfmsaha@programmed.com.au","9","57","","Shared Mailbox","UserMailbox","UserMailbox","True","2022-09-20"
"ProgrammedFM Howards Storage World","ProgrammedFM Howards Storage World","ProgrammedFM Howards Storage World","","pfmhsw@programmed.com.au","ProgrammedFMHSW","ProgrammedFMHSW","CN=ProgrammedFM Howards Storage World,OU=Shared Resources,OU=PRG,DC=iwf,DC=com,DC=au","pfmhsw@programmed.com.au","ProgrammedFMHowardsStorageWorld@programmed.com.au,pfmhsw@programmed.com.au,ProgrammedFMHowardsStorageWorld@intgroup.mail.onmicrosoft.com,ProgrammedFMHSW@programmed.com.au","0","0","","Shared Mailbox","UserMailbox","UserMailbox","True","2022-09-20"
"ProgrammedFM Hoyts","ProgrammedFM Hoyts","ProgrammedFM Hoyts","","Programmedfmhoyts@programmed.com.au","ProgrammedFMHoyts","Programmedfmhoyts","CN=ProgrammedFM Hoyts,OU=Shared Resources,OU=PRG,DC=iwf,DC=com,DC=au","ProgrammedFMHoyts@programmed.com.au","ProgrammedFMHoyts@intgroup.mail.onmicrosoft.com,ProgrammedFMHoyts@programmed.com.au","34","571","","Shared Mailbox","UserMailbox","UserMailbox","True","2022-09-20"
"ProgrammedFM IAC","ProgrammedFM IAC","","ProgrammedFM IAC","IACPFM@programmed.com.au","pfmIllawarra","pfmIllawarra","CN=ProgrammedFM IAC,OU=Shared Resources,OU=PRG,DC=iwf,DC=com,DC=au","IACPFM@programmed.com.au","pfmIllawarra@programmed.com.au,IACPFM@programmed.com.au,ProgrammedFMIllawarraAboriginalCorporation@programmed.com.au,ProgrammedFMIllawarra@programmed.com.au,ProgrammedFMIllawarraAboriginalCorporation@intgroup.mail.onmicrosoft.com","151","N/A","","Shared Mailbox","UserMailbox","UserMailbox","True","2022-09-20"
"ProgrammedFM Karingal","ProgrammedFM Karingal","ProgrammedFM Karingal","","pfmkaringal@programmed.com.au","pfmkaringal","pfmkaringal","CN=ProgrammedFM Karingal,OU=Shared Resources,OU=PRG,DC=iwf,DC=com,DC=au","pfmkaringal@programmed.com.au","pfmkaringal@programmed.com.au,ProgrammedFMKaringal@programmed.com.au,ProgrammedFMKaringal@intgroup.mail.onmicrosoft.com","0","1","","Shared Mailbox","UserMailbox","UserMailbox","True","2022-09-20"
"ProgrammedFM Marist Sisters","ProgrammedFM Marist Sisters","ProgrammedFM Marist Sisters","","PFMMaristSisters@programmed.com.au","PFMMaristSisters","PFMMaristSisters","CN=ProgrammedFM Marist Sisters,OU=Shared Resources,OU=PRG,DC=iwf,DC=com,DC=au","PFMMaristSisters@programmed.com.au","ProgrammedFM.MaristSisters@programmed.com.au,PFMMaristSisters@programmed.com.au,ProgrammedFM.MaristSisters@intgroup.mail.onmicrosoft.com","0","30","","Shared Mailbox","UserMailbox","UserMailbox","True","2022-09-20"
"ProgrammedFM Missionary Sisters","ProgrammedFM Missionary Sisters","ProgrammedFM Missionary Sisters","","PFMMissionarySisters@programmed.com.au","ProgrammedFMmissionarysisters","ProgrammedMissionary","CN=ProgrammedFM Missionary Sisters,OU=Shared Resources,OU=PRG,DC=iwf,DC=com,DC=au","PFMMissionarySisters@programmed.com.au","ProgrammedFMmissionarysisters@intgroup.mail.onmicrosoft.com,PFMMissionarySisters@programmed.com.au,ProgrammedFMmissionarysisters@programmed.com.au","0","2","","Shared Mailbox","UserMailbox","UserMailbox","True","2022-09-20"
"ProgrammedFM MRF Monitoring","ProgrammedFM MRF Monitoring","","","pfm.mrfmonitoring@programmed.com.au","pfm.mrfmonitoring","pfm.mrfmonitoring","CN=ProgrammedFM MRF Monitoring,OU=Shared Resources,OU=PRG,DC=iwf,DC=com,DC=au","pfm.mrfmonitoring@programmed.com.au","pfm.mrfmonitoring@intgroup.mail.onmicrosoft.com,pfm.mrfmonitoring@programmed.com.au","0","216","","Shared Mailbox","UserMailbox","UserMailbox","True","2022-09-20"
"ProgrammedFM National Contracts","ProgrammedFM National Contracts","ProgrammedFM National Contracts","","pfmnationalcontracts2@programmed.com.au","PFMNC","PFMNC","CN=ProgrammedFM National Contracts,OU=Shared Resources,OU=PRG,DC=iwf,DC=com,DC=au","pfmnationalcontracts2@programmed.com.au","PFMNC@intgroup.mail.onmicrosoft.com,pfmnationalcontracts2@programmed.com.au","1","79","","Shared Mailbox","UserMailbox","UserMailbox","True","2022-09-20"
"ProgrammedFM NSC Afterhours","ProgrammedFM NSC Afterhours","ProgrammedFM NSC Afterhours","","ProgrammedFMNSCAfterhours@programmed.com.au","pfmnscahjobs","pfmnscahjobs","CN=ProgrammedFM NSC Afterhours,OU=Shared Resources,OU=PRG,DC=iwf,DC=com,DC=au","ProgrammedFMNSCAfterhours@programmed.com.au","ProgrammedFMNSCAfterhours@intgroup.mail.onmicrosoft.com,pfmnscahjobs@programmed.com.au,ProgrammedFMNSCAfterhours@programmed.com.au","5","2553","","Shared Mailbox","UserMailbox","UserMailbox","True","2022-09-20"
"ProgrammedFM NSC Fax","ProgrammedFM NSC Fax","ProgrammedFM NSC Fax","","programmedfm.nscfax@programmed.com.au","programmedfm.nscfax","programmedfm.nscfax","CN=ProgrammedFM NSC Fax,OU=Shared Mailboxes,OU=Parramatta,OU=NSW,OU=AU,OU=PFM,OU=PRG,DC=iwf,DC=com,DC=au","programmedfm.nscfax@programmed.com.au","ProgrammedFMNSCFax@programmed.com.au,programmedfm.nscfax@programmed.com.au,ProgrammedFMNSCFax@intgroup.mail.onmicrosoft.com","0","35","PFM NSC Fax-to-Email Queue","Shared Mailbox","UserMailbox","UserMailbox","True","2022-09-20"
"ProgrammedFM NSCLAHC","ProgrammedFM NSCLAHC","ProgrammedFM","NSCLAHC","pfmnsclahc@programmed.com.au","PFMNSCLAHC","pfmnsclahc","CN=ProgrammedFM NSCLAHC,OU=Shared Resources,OU=PRG,DC=iwf,DC=com,DC=au","ProgrammedFM.NSCLAHC@programmed.com.au","NSCLAHC@programmed.com.au,ProgrammedFM.NSCLAHC@intgroup.mail.onmicrosoft.com,ProgrammedFM.NSCLAHC@programmed.com.au","14","N/A","","","UserMailbox","UserMailbox","True","2022-09-20"
"ProgrammedFM Office of Environment and Heritage","ProgrammedFM Office of Environment and Heritage","ProgrammedFM Office of Environment and Heritage","","PFMOEH@programmed.com.au","PFMOEH","PFMOEH","CN=ProgrammedFM Office of Environment and Heritage,OU=Shared Resources,OU=PRG,DC=iwf,DC=com,DC=au","PFMOEH@programmed.com.au","ProgrammedFM.OEH@programmed.com.au,PFMOEH@programmed.com.au,ProgrammedFM.OEH@intgroup.mail.onmicrosoft.com","0","7","","Shared Mailbox","UserMailbox","UserMailbox","True","2022-09-20"
"ProgrammedFM Parmalat","ProgrammedFM Parmalat","ProgrammedFM Parmalat","","programmedFMParmalat@programmed.com.au","programmedFMParmalat","programmedFMParmalat","CN=ProgrammedFM Parmalat,OU=Shared Resources,OU=PRG,DC=iwf,DC=com,DC=au","programmedFMParmalat@programmed.com.au","programmedFMParmalat@intgroup.mail.onmicrosoft.com,programmedFMParmalat@programmed.com.au","358","5018","","Shared Mailbox","UserMailbox","UserMailbox","True","2022-09-20"
"ProgrammedFM Presentation Sisters","ProgrammedFM Presentation Sisters","ProgrammedFM Presentation Sisters","","PFMPresentationSisters@programmed.com.au","ProgrammedFMPresentationSisters","ProgrammedFMSisters","CN=ProgrammedFM Presentation Sisters,OU=Shared Resources,OU=PRG,DC=iwf,DC=com,DC=au","PFMPresentationSisters@programmed.com.au","ProgrammedFMPresentationSisters@intgroup.mail.onmicrosoft.com,PFMPresentationSisters@programmed.com.au,ProgrammedFMPresentationSisters@programmed.com.au","0","1","","Shared Mailbox","UserMailbox","UserMailbox","True","2022-09-12"
"ProgrammedFM Priority 1","ProgrammedFM Priority 1","ProgrammedFM Priority 1","","PFMPriority1@programmed.com.au","PFMPriority1","PFMPriority1","CN=ProgrammedFM Priority 1,OU=Shared Resources,OU=PRG,DC=iwf,DC=com,DC=au","PFMPriority1@programmed.com.au","ProgrammedFMPriority1@programmed.com.au,PFMPriority1@programmed.com.au,ProgrammedFMPriority1@intgroup.mail.onmicrosoft.com","458","5992","","Shared Mailbox","UserMailbox","UserMailbox","True","2022-09-20"
"ProgrammedFM Puma Energy","ProgrammedFM Puma Energy","ProgrammedFM Puma Energy","","pfmpuma@programmed.com.au","pfmpuma","pfmpuma","CN=ProgrammedFM Puma Energy,OU=Shared Resources,OU=PRG,DC=iwf,DC=com,DC=au","pfmpuma@programmed.com.au","pfmpuma@programmed.com.au,PFM.Puma@programmed.com.au,PFM.Puma@intgroup.mail.onmicrosoft.com","0","1133","","Shared Mailbox","UserMailbox","UserMailbox","True","2022-09-20"
"ProgrammedFM Red Cross","ProgrammedFM Red Cross","ProgrammedFM Red Cross","","ProgrammedFM.RedCross@programmed.com.au","pfmredcross_new","pfmredcross_new","CN=ProgrammedFM Red Cross,OU=Shared Resources,OU=PRG,DC=iwf,DC=com,DC=au","ProgrammedFM.RedCross@programmed.com.au","ProgrammedFM.RedCross@programmed.com.au,ProgrammedFMRedCross@programmed.com.au,ProgrammedFM.RedCross@intgroup.mail.onmicrosoft.com,ProgrammedFMRedCross@intgroup.mail.onmicrosoft.com,pfmredcross@programmed.com.au","19","21267","","Shared Mailbox","UserMailbox","UserMailbox","True","2022-09-20"
"ProgrammedFM RIA","ProgrammedFM RIA","","","Programmedfmria@programmed.com.au","Programmedfmria","Programmedfmria","CN=ProgrammedFM RIA,OU=Shared Resources,OU=PRG,DC=iwf,DC=com,DC=au","Programmedfmria@programmed.com.au","Programmedfmria@intgroup.mail.onmicrosoft.com,Programmedfmria@programmed.com.au,UNKNOWN24f150@programmed.com.au","4","12541","FM - Lonsdale Street","Shared Mailbox","UserMailbox","UserMailbox","True","2022-09-20"
"ProgrammedFM Samsung","ProgrammedFM Samsung","ProgrammedFM Samsung","","pfmsamsung@programmed.com.au","pfmsamsung","pfmsamsung","CN=ProgrammedFM Samsung,OU=Shared Resources,OU=PRG,DC=iwf,DC=com,DC=au","pfmsamsung@programmed.com.au","ProgrammedFMSamsung@programmed.com.au,pfmsamsung@programmed.com.au,ProgrammedFMSamsung@intgroup.mail.onmicrosoft.com","0","0","","Shared Mailbox","UserMailbox","UserMailbox","True","2022-09-20"
"ProgrammedFM Seton Villa","ProgrammedFM Seton Villa","ProgrammedFM Seton Villa","","pfmsetonvilla@staff.programmed.com.au","pfmsetonvilla","pfmsetonvilla","CN=ProgrammedFM Seton Villa,OU=Shared Resources,OU=PRG,DC=iwf,DC=com,DC=au","ProgrammedFMSetonVilla@intgroup.mail.onmicrosoft.com","ProgrammedFMSetonVilla@intgroup.mail.onmicrosoft.com,ProgrammedSetonVilla@programmed.com.au","1","681","","Shared Mailbox","UserMailbox","UserMailbox","True","2022-09-20"
"ProgrammedFM Sydney Airport Faults","ProgrammedFM Sydney Airport Faults","","","sydairfault@programmed.com.au","sydairfault","sydairfault","CN=ProgrammedFM Sydney Airport Faults,OU=Shared Resources,OU=PRG,DC=iwf,DC=com,DC=au","sydairfault@programmed.com.au","sydairfault@intgroup.mail.onmicrosoft.com,sydairfault@programmed.com.au","16065","17177","","Shared Mailbox","UserMailbox","UserMailbox","True","2022-09-20"
"ProgrammedFM Tradelink","ProgrammedFM Tradelink","ProgrammedFM Tradelink","","pfmtradelink@programmed.com.au","pfmtradelink","pfmtradelink","CN=ProgrammedFM Tradelink,OU=Shared Resources,OU=PRG,DC=iwf,DC=com,DC=au","pfmtradelink@programmed.com.au","PFM.TradeLink@programmed.com.au,pfmtradelink@programmed.com.au,PFM.TradeLink@intgroup.mail.onmicrosoft.com","5","1936","","Shared Mailbox","UserMailbox","UserMailbox","True","2022-09-20"
"ProgrammedFM Uniting Ageing","ProgrammedFM Uniting Ageing","ProgrammedFM Uniting Ageing","","ProgrammedFMUCAging@programmed.com.au","PFMUCAgeing","PFMUCAgeing","CN=ProgrammedFM Uniting Ageing,OU=Shared Resources,OU=PRG,DC=iwf,DC=com,DC=au","ProgrammedFMUCAging@programmed.com.au","ProgrammedFMUnitingAgeing@programmed.com.au,ProgrammedFMUCAging@programmed.com.au,ProgrammedFMUnitingAgeing@intgroup.mail.onmicrosoft.com,ProgrammedFMUCAging@intgroup.mail.onmicrosoft.com,PFMUCAgeing@programmed.com.au","122","6526","FM - Parramatta","Shared Mailbox","UserMailbox","UserMailbox","True","2022-09-20"
"ProgrammedFM Uniting Communities","ProgrammedFM Uniting Communities","ProgrammedFM Uniting Communities","","ProgrammedFMUCCYPF@programmed.com.au","PFMUCCYPF","PFMUCCYPF","CN=ProgrammedFM Uniting Communities,OU=Shared Resources,OU=PRG,DC=iwf,DC=com,DC=au","ProgrammedFMUCCYPF@programmed.com.au","PFMUnitingCommunities@programmed.com.au,ProgrammedFMUCCYPF@programmed.com.au,ProgrammedFMUnitingCommunities@programmed.com.au,ProgrammedFMUnitingCommunities@intgroup.mail.onmicrosoft.com,ProgrammedFMUCCYPF@intgroup.mail.onmicrosoft.com,PFMUCCYPF@programmed.com.au","29","1788","FM - Parramatta","Shared Mailbox","UserMailbox","UserMailbox","True","2022-09-20"
"ProgrammedFM UOW","ProgrammedFM UOW","ProgrammedFM","UOW","programmedfmUOW@programmed.com.au","programmedfmUOW","programmedfmUOW","CN=ProgrammedFM UOW,OU=Shared Resources,OU=PRG,DC=iwf,DC=com,DC=au","programmedfmUOW@programmed.com.au","ProgrammedFM.UOW@programmed.com.au,programmedfmUOW@programmed.com.au,ProgrammedFM.UOW@intgroup.mail.onmicrosoft.com","7","4099","FM - Parramatta","Shared Mailbox","UserMailbox","UserMailbox","True","2022-09-20"
"ProgrammedFM VHA","ProgrammedFM VHA","ProgrammedFM VHA","","programmedfmvha@programmed.com.au","pfmvha","pfmvha","CN=ProgrammedFM VHA,OU=Shared Resources,OU=PRG,DC=iwf,DC=com,DC=au","programmedfmvha@programmed.com.au","pfmvha@intgroup.mail.onmicrosoft.com,programmedfmvha@programmed.com.au","1680","48894","","Shared Mailbox","UserMailbox","UserMailbox","True","2022-09-20"
"ProgrammedFM VSBA","ProgrammedFM VSBA","ProgrammedFM VSBA","","pfmvsba@programmed.com.au","pfmvsba","pfmvsba","CN=ProgrammedFM VSBA,OU=Shared Resources,OU=PRG,DC=iwf,DC=com,DC=au","pfmvsba@programmed.com.au","pfmvsba@programmed.com.au,ProgrammedFMVSBA@programmed.com.au,ProgrammedFMVSBA@intgroup.mail.onmicrosoft.com","17","206","","Shared Mailbox","UserMailbox","UserMailbox","True","2022-09-20"
"ProgrammedFM YVW Facilities","ProgrammedFM YVW Facilities","ProgrammedFM YVW Facilities","","ProgrammedFMYVWFacilities@programmed.com.au","YVWfacilities","YVWfacilities","CN=ProgrammedFM YVW Facilities,OU=Shared Resources,OU=PRG,DC=iwf,DC=com,DC=au","ProgrammedFMYVWFacilities@programmed.com.au","yvwfacilities@programmed.com.au,ProgrammedFMYVWFacilities@programmed.com.au,ProgrammedFMYVWFacilities@intgroup.mail.onmicrosoft.com","1","202","Clayton","Shared Mailbox","UserMailbox","UserMailbox","True","2022-09-20"
"PSW Altona Voicemail","PSW Altona Voicemail","PSW Altona Voicemail","","altona_voicemail@programmed.com.au","altona_voicemail","altona_voicemail","CN=PSW Altona Voicemail,OU=Shared Resources,OU=PRG,DC=iwf,DC=com,DC=au","altona_voicemail@programmed.com.au","altona_voicemail@intgroup.mail.onmicrosoft.com,PSWAltonaVoicemail@programmed.com.au,altona_voicemail@programmed.com.au","379","N/A","","Shared Mailbox","UserMailbox","UserMailbox","True","2020-08-12"
"PSW Operations WA","PSW Operations WA","PSW","Operations WA","pswoperationswa@programmed.com.au","pswoperationswa","pswoperationswa","CN=PSW Operations WA,OU=Shared Resources,OU=PRG,DC=iwf,DC=com,DC=au","pswoperationswa@programmed.com.au","PSW.OperationsWA@programmed.com.au,pswoperationswa@programmed.com.au,PSW.OperationsWA@intgroup.mail.onmicrosoft.com,pswoperationswa@intgroup.mail.onmicrosoft.com","9814","N/A","","Shared Mailbox","UserMailbox","UserMailbox","True","2022-09-19"
"PSW Pricing","PSW Pricing","PSW","Pricing","pswpricing@programmed.com.au","pswpricing","pswpricing","CN=PSW Pricing,OU=Shared Resources,OU=PRG,DC=iwf,DC=com,DC=au","pswpricing@programmed.com.au","PSW.Pricing@programmed.com.au,PSW.Pricing@intgroup.mail.onmicrosoft.com,pswpricing@programmed.com.au,pswpricing@skilled.com.au","43300","N/A","","Shared Mailbox","UserMailbox","UserMailbox","True","2022-09-19"
"QLD AV Service","QLD AV Service","QLD AV","Service","qldavservice@programmed.com.au","qldavservice","qldavservice","CN=QLD AV Service,OU=Shared Resources,OU=PRG,DC=iwf,DC=com,DC=au","QLDAVService@programmed.com.au","QLDAV.Service@programmed.com.au,QLDAVService@programmed.com.au,QLDAV.Service@intgroup.mail.onmicrosoft.com","592","N/A","Newstead","Shared Mailbox","UserMailbox","UserMailbox","True","2022-09-19"
"Rail NSW Timesheets","Rail NSW Timesheets","","","railnswtimesheets@programmed.com.au","railnswtimesheets","railnswtimesheets","CN=Rail NSW Timesheets,OU=Shared Resources,OU=PRG,DC=iwf,DC=com,DC=au","railnswtimesheets@programmed.com.au","railnswtimesheets@programmed.com,railnswtimesheets@intgroup.mail.onmicrosoft.com,railnswtimesheets@programmed.com.au","17905","N/A","","Shared Mailbox","UserMailbox","UserMailbox","True","2022-09-20"
"Rail Training","Rail Training","","","railtraining@programmed.com.au","railtraining","railtraining","CN=Rail Training,OU=Shared Resources,OU=PRG,DC=iwf,DC=com,DC=au","railtraining@programmed.com.au","railtraining@intgroup.mail.onmicrosoft.com,railtraining@programmed.com.au","134","N/A","","Shared Mailbox","UserMailbox","UserMailbox","True","2022-09-16"
"Rates Management","Rates Management","Rates","Management","ratesmanagement@programmed.com.au","ratesmanagement","ratesmanagement","CN=Rates Management,OU=Shared Resources,OU=PRG,DC=iwf,DC=com,DC=au","Rates.Management@programmed.com.au","ratesmanagement@programmed.com.au,Rates.Management@intgroup.mail.onmicrosoft.com,Rates.Management@programmed.com.au","62497","N/A","","Shared Mailbox","UserMailbox","UserMailbox","True","2022-09-20"
"Reception Collins","Reception Collins","Reception","Collins","ReceptionHawthorn@programmed.com.au","ReceptionCollins","ReceptionHawthorn","CN=Reception Collins,OU=Shared Resources,OU=PRG,DC=iwf,DC=com,DC=au","ReceptionCollins@programmed.com.au","ReceptionCollins@programmed.com.au,ReceptionHawthorn@programmed.com.au,Reception.Collins@programmed.com.au,Reception.Collins@intgroup.mail.onmicrosoft.com,Receptioncollinsst@programmed.com.au,Reception.Hawthorn@programmed.com.au,ReceptionHawthorn@skilled.com.au,Reception.Hawthorn@intgroup.mail.onmicrosoft.com","5171","N/A","Level 32, Tower 2, 727 Collins Street","Shared Mailbox","UserMailbox","UserMailbox","True","2022-09-19"
"recruitmentapprovals","recruitmentapprovals","recruitmentapprovals","UNKNOWN","recruitmentapprovals@programmed.com.au","recruitmentapprovals","recruitmentapprovals","CN=recruitmentapprovals,OU=Shared Resources,OU=PRG,DC=iwf,DC=com,DC=au","recruitmentapprovals@programmed.com.au","recruitmentapprovals@intgroup.mail.onmicrosoft.com,recruitmentapproval@programmed.com.au,recruitmentapprovals@programmed.com.au,recruitmentapprovals@pmsltd.com.au","23633","N/A","","Shared Mailbox","UserMailbox","UserMailbox","True","2022-09-06"
"Reports","Reports","Reports","","reports@programmed.com.au","reports","reports","CN=Reports,OU=Service Accounts,DC=iwf,DC=com,DC=au","Reports@programmed.com.au","R2@programmed.com.au,Reports@programmed.com.au,R4@pmsltd.co.nz,reports@intgroup.mail.onmicrosoft.com,R4@pmsltd.com.au","10054","N/A","","Service Account","UserMailbox","UserMailbox","True",""
"Resources","Resources","Resources","Resources","resourcesmailbox@programmed.com.au","resourcesmailbox","resourcesmailbox","CN=Resources,OU=Shared Resources,OU=PRG,DC=iwf,DC=com,DC=au","Resources@programmed.com.au","resources2@intgroup.mail.onmicrosoft.com,Resources.Resources@programmed.com.au,Resources.Resources@intgroup.mail.onmicrosoft.com,resourcesmailbox@programmed.com.au,Resources@programmed.com.au","11057","N/A","","Shared Mailbox","UserMailbox","UserMailbox","True","2022-09-19"
"RMIT Building","RMIT Building","RMIT","Building ","rmitB@programmed.com.au","rmitB","rmitB","CN=RMIT Building,OU=Shared Resources,OU=PRG,DC=iwf,DC=com,DC=au","rmitB@programmed.com.au","RMIT.Building@programmed.com.au,rmitB@programmed.com.au,RMIT.Building@intgroup.mail.onmicrosoft.com,RBuilding@intgroup.com.au,RBuilding@integrated.com.au","6952","N/A","","Shared Mailbox","UserMailbox","UserMailbox","True","2022-09-19"
"Rockhampton","Rockhampton","","UNKNOWN","rockhampton@programmed.com.au","rockhampton","rockhampton","CN=Rockhampton,OU=Users,OU=Rockhampton,OU=QLD,OU=AU,OU=IWF,OU=PRG,DC=iwf,DC=com,DC=au","rockhampton@programmed.com.au","rockhampton@intgroup.mail.onmicrosoft.com,rockhampton@programmed.com.au,rockhampton@integrated.com.au,rockhampton@intgroup.com.au","18173","N/A","","Shared Mailbox","UserMailbox","UserMailbox","True","2022-09-19"
"Rottnest Compliance","Rottnest Compliance","Rottnest","Compliance","Rottnest.Compliance@programmed.com.au","Rottnest.Compliance","Rottnest.Compliance","CN=Rottnest Compliance,OU=Shared Resources,OU=PRG,DC=iwf,DC=com,DC=au","Rottnest.Compliance@programmed.com.au","Rottnest.Compliance@intgroup.mail.onmicrosoft.com,Rottnest.Compliance@programmed.com.au","366","N/A","","Shared Mailbox","UserMailbox","UserMailbox","True","2022-09-19"
"Rottnest Island Accounts","Rottnest Island Accounts","Rottnest Island Accounts","","rottnestaccounts@programmed.com.au","rottnestaccounts","rottnestaccounts","CN=Rottnest Island Accounts,OU=Users,OU=Rottnest,OU=WA,OU=AU,OU=PFM,OU=PRG,DC=iwf,DC=com,DC=au","rottnestaccounts@programmed.com.au","UNKNOWN256cd8@programmed.com.au,rottnestaccounts@programmed.com.au,UNKNOWN4855e@intgroup.mail.onmicrosoft.com","42090","N/A","WA - Rottnest Island - Workshop Road","Shared Mailbox","UserMailbox","UserMailbox","True","2022-09-20"
"SA Housing Jobs Inbound","SA Housing Jobs Inbound","SA Housing","Jobs Inbound","SAJobsHousingInbound@programmed.com.au","SAHousingJobsInbound","SAJobsHousingInbound","CN=SA Housing Jobs Inbound,OU=Shared Resources,OU=PRG,DC=iwf,DC=com,DC=au","SAHousingJobsInbound@programmed.com.au","SAHousing.JobsInbound@programmed.com.au,SAHousingJobsInbound@intgroup.mail.onmicrosoft.com,SAHousing.JobsInbound@intgroup.mail.onmicrosoft.com,SAHousingJobsInbound@programmed.com.au","955","12736","","Shared Mailbox","UserMailbox","UserMailbox","True","2022-09-19"
"SA Operations","SA Operations","","","SAOperations@programmed.com.au","SAOperations","SAOperations","CN=SA Operations,OU=Shared Resources,OU=PRG,DC=iwf,DC=com,DC=au","SAOperations@programmed.com.au","SAOperations@intgroup.mail.onmicrosoft.com,SAOperations@programmed.com.au","19131","N/A","","Shared Mailbox","UserMailbox","UserMailbox","True","2022-09-20"
"Safety @ Programmed","Safety @ Programmed","","","safety@programmed.com.au","safety","safety","CN=Safety @ Programmed,OU=Shared Resources,OU=PRG,DC=iwf,DC=com,DC=au","safety@programmed.com.au","safety@intgroup.mail.onmicrosoft.com,safety@programmed.com.au","372","687","","Shared Mailbox","UserMailbox","UserMailbox","True","2022-09-19"
"SAGROUNDSADMIN","SAGROUNDSADMIN","SAGROUNDSADMIN","UNKNOWN","SAGROUNDSADMIN@programmed.com.au","SAGROUNDSADMIN","SAGROUNDSADMIN","CN=SAGROUNDSADMIN,OU=Shared Resources,OU=PRG,DC=iwf,DC=com,DC=au","SAGROUNDSADMIN.UNKNOWN@programmed.com.au","SAGROUNDSADMIN.UNKNOWN@intgroup.mail.onmicrosoft.com,SAGROUNDSADMIN.UNKNOWN@programmed.com.au,SUNKNOWN6@programmed.com.au,SAGROUNDSADMIN@programmed.com.au,SAGROUNDSADMIN@pmsltd.com.au","1537","N/A","","Shared Mailbox","UserMailbox","UserMailbox","True","2022-09-19"
"Service Desk","svc_Service Desk","Service","Desk","Service.Desk@programmed.com.au","Service.Desk","ServiceDesk","CN=svc_Service Desk,OU=Service,OU=!Clayton Support Office,OU=VIC,OU=AU,OU=PPS,OU=PRG,DC=iwf,DC=com,DC=au","Service.Desk@programmed.com.au","Service.Desk@programmed.com.au,Service.Desk@intgroup.mail.onmicrosoft.com","58","N/A","","Service Account","UserMailbox","UserMailbox","True","2021-03-11"
"Shepparton Voicemail","Shepparton Voicemail","Shepparton Voicemail","","pswsheppvm@programmed.com.au","pswsheppvm","pswsheppvm","CN=Shepparton Voicemail,OU=Mailboxes,OU=Shepparton,OU=VIC,OU=AU,OU=IWF,OU=PRG,DC=iwf,DC=com,DC=au","pswsheppvm@programmed.com.au","pswsheppvm@programmed.com.au,SheppartonVoicemail@programmed.com.au,SheppartonVoicemail@intgroup.mail.onmicrosoft.com","0","N/A","","Shared Mailbox","UserMailbox","UserMailbox","True","2022-09-19"
"svc_D365admin_CE","svc_D365admin_CE","svc_D365admin_CE","","svc_D365admin_CE@programmed.com.au","svc_D365admin_CE","svc_D365admin_CE","CN=svc_D365admin_CE,OU=Service Accounts,OU=Privileged Access,OU=PRG,DC=iwf,DC=com,DC=au","svc_D365admin_CE@programmed.com.au","svc_D365admin_CE@intgroup.mail.onmicrosoft.com,svc_D365admin_CE@programmed.com.au","99","N/A","","Service Account","UserMailbox","UserMailbox","True","2021-03-15"
"Tamara Atia","Tamara Atia","Tamara","Atia","Tamara.Atia@programmed.com.au","tamaraa","Tamaraa","CN=Tamara Atia,OU=Users,OU=Collins Street,OU=VIC,OU=AU,OU=PHP,OU=PRG,DC=iwf,DC=com,DC=au","Tamara.Atia@programmed.com.au","Tamara.Atia@programmed.com.au,Tamara.Atia@intgroup.mail.onmicrosoft.com","49","N/A","VIC - Melbourne - Collins Street","Allocations Consultant","UserMailbox","UserMailbox","True","2022-09-10"
"Test.User01","Test User01","Test","User01","test.user01@programmed.com.au","test.user01","test.user01","CN=Test User01,OU=Users,OU=AKL,OU=BDS,OU=NZ,OU=PPS,OU=PRG,DC=iwf,DC=com,DC=au","Test.User01@programmed.com.au","Test.User01@programmed.com.au,Test.User01@intgroup.mail.onmicrosoft.com","0","N/A","","Testing Account","UserMailbox","UserMailbox","True","2022-04-08"
"test1-p2","test1-p2","test1-p2","","test1-p2@iwf.com.au","test1-p2","test1-p2","CN=test1-p2,OU=Users,OU=Burswood,OU=WA,OU=AU,OU=PFM,OU=PRG,DC=iwf,DC=com,DC=au","test1-p2@programmed.com.au","test1-p2@intgroup.mail.onmicrosoft.com,test1-p2@programmed.com.au","1","N/A","","","UserMailbox","UserMailbox","True","2022-07-11"
"Timesheets SE QLD","Timesheets 465","","Timesheets SE QLD","timesheets465@programmed.com.au","timesheetsSEQLD","timesheets465","CN=Timesheets 465,OU=Shared Resources,OU=PRG,DC=iwf,DC=com,DC=au","TimesheetsSEQld@programmed.com.au","timesheets465@programmed.com.au,TimesheetsSEQld@programmed.com.au,Timesheets.465@programmed.com.au,Timesheets.465@intgroup.mail.onmicrosoft.com","20947","N/A","Annerley","Shared Mailbox","UserMailbox","UserMailbox","True","2022-09-20"
"training","training","training","","training@programmed.com.au","training","training","CN=training,OU=Shared Resources,OU=PRG,DC=iwf,DC=com,DC=au","training@programmed.com.au","training@intgroup.mail.onmicrosoft.com,training@programmed.com.au","9658","N/A","","Shared Mailbox","UserMailbox","UserMailbox","True","2022-09-19"
"Training Training","Training Training","Training","Training","training1@programmed.com.au","training1","training1","CN=Training Training,OU=Shared Resources,OU=PRG,DC=iwf,DC=com,DC=au","Training.Training@programmed.com.au","Training.Training@programmed.com.au,training1@programmed.com.au,Training.Training@intgroup.mail.onmicrosoft.com","328","N/A","","Service Account","UserMailbox","UserMailbox","True","2022-09-20"
"Turnpoint Accounts Payable","Turnpoint Accounts Payable","","","tpaccountspayable@programmed.com.au","tpaccountspayable","tpaccountspayable","CN=Turnpoint Accounts Payable,OU=Service Accounts,OU=PRG,DC=iwf,DC=com,DC=au","tpaccountspayable@programmed.com.au","tpaccountspayable@intgroup.mail.onmicrosoft.com,tpaccountspayable@programmed.com.au,tpaccountspayable@turnpoint.com.au,accountspayable@turnpoint.com.au","3029","19016","","Service Account","UserMailbox","UserMailbox","True","2022-09-20"
"UAT-RMIT","UAT-RMIT","UAT-","RMIT","UAT-RMIT@programmed.com.au","UAT-RMIT","UAT-RMIT","CN=UAT-RMIT,OU=Shared Resources,OU=PRG,DC=iwf,DC=com,DC=au","UAT-RMIT@programmed.com.au","UAT-.RMIT@programmed.com.au,UAT-RMIT@programmed.com.au,UAT-.RMIT@intgroup.mail.onmicrosoft.com","2","N/A","","Service Account","UserMailbox","UserMailbox","True","2022-09-08"
"Unanderra Fax","Unanderra Fax","Unanderra Fax","","unanderrafax@programmed.com.au","unanderrafax","unanderrafax","CN=Unanderra Fax,OU=Shared Resources,OU=PRG,DC=iwf,DC=com,DC=au","UnanderraFax@programmed.com.au","UnanderraFax@intgroup.mail.onmicrosoft.com,UnanderraFax@programmed.com.au","0","N/A","","Shared Mailbox","UserMailbox","UserMailbox","True","2022-09-18"
"Uni Ovals","Uni Ovals","Uni","Ovals","uni-ovals@programmed.com.au","uni-ovals","uni-ovals","CN=Uni Ovals,OU=Users,OU=Underdale,OU=GDS,OU=SA,OU=AU,OU=PPS,OU=PRG,DC=iwf,DC=com,DC=au","uni-ovals@programmed.com.au","uni-ovals@programmed.com.au,Uni.Ovals@programmed.com.au,Uni.Ovals@intgroup.mail.onmicrosoft.com","602","N/A","","Shared Mailbox","UserMailbox","UserMailbox","True","2022-09-19"
"UniMelb Grounds","UniMelb Grounds","UniMelb","Grounds","UniMelb.Grounds@programmed.com.au","UniMelb.Grounds","UniMelb.Grounds","CN=UniMelb Grounds,OU=Shared Resources,OU=PRG,DC=iwf,DC=com,DC=au","UniMelb.Grounds@programmed.com.au","UniMelbGrounds@programmed.com.au,UniMelb.Grounds@intgroup.mail.onmicrosoft.com,UniMelb.Grounds@programmed.com.au","894","N/A","","Shared Mailbox","UserMailbox","UserMailbox","True","2022-09-19"
"UnitingCare Request","UnitingCare Request","UnitingCare","Request","UnitingCare.Request@programmed.com.au","UCrequest","UCrequest","CN=UnitingCare Request,OU=Shared Mailboxes,OU=Parramatta,OU=NSW,OU=AU,OU=PFM,OU=PRG,DC=iwf,DC=com,DC=au","UnitingCare.Request@programmed.com.au","UCrequest@programmed.com.au,UnitingCare.Request@intgroup.mail.onmicrosoft.com,UnitingCare.Request@programmed.com.au","81001","N/A","","Shared Mailbox","UserMailbox","SharedMailbox","True","2022-09-20"
"vehicleinfringements","vehicleinfringements","Vehicle","Infringements","vehicleinfringements@programmed.com.au","vehicleinfringements","vehicleinfringements","CN=vehicleinfringements,OU=Users,OU=Collins St,OU=VIC,OU=AU,OU=PFM,OU=PRG,DC=iwf,DC=com,DC=au","vehicleinfringements@programmed.com.au","vehicleinfringements@intgroup.mail.onmicrosoft.com,Vehicle.Infringements@programmed.com.au,vehicleinfringements@programmed.com.au","2335","N/A","FM - Lonsdale Street","Service Account","UserMailbox","UserMailbox","True","2022-06-23"
"Wollongong","Wollongong","Wollongong","","WFSWollongongMailbox@programmed.com.au","WFSWollongongMailbox","WFSWollongongMailbox","CN=Wollongong,OU=Shared Resources,OU=PRG,DC=iwf,DC=com,DC=au","Wollongong2@programmed.com.au","Wollongong@intgroup.mail.onmicrosoft.com,Wollongong2@programmed.com.au,WFSWollongong.Mailbox@programmed.com.au,WFSWollongong@skilled.com.au,WFSWollongong.Mailbox@intgroup.mail.onmicrosoft.com,WFSWollongong@programmed.com.au,WFSWollongongMailbox@programmed.com.au","13602","N/A","","Shared Mailbox","UserMailbox","UserMailbox","True","2022-06-01"
"Woodside Recruitment","Woodside Recruitment","Woodside","Recruitment ","woodside@programmed.com.au","woodside","woodside","CN=Woodside Recruitment,OU=Shared Resources,OU=PRG,DC=iwf,DC=com,DC=au","woodside@programmed.com.au","woodside@programmed.com.au,Woodside.Recruitment@programmed.com.au,Woodside.Recruitment@intgroup.mail.onmicrosoft.com,woodside@intgroup.mail.onmicrosoft.com","472","N/A","","Shared Mailbox","UserMailbox","UserMailbox","True","2022-09-19"
"yvwpermits","yvwpermits","yvwpermits","","yvwpermits@programmed.com.au","yvwpermits","yvwpermits","CN=yvwpermits,OU=Shared Resources,OU=PRG,DC=iwf,DC=com,DC=au","yvwpermits@programmed.com.au","yvwpermits@intgroup.mail.onmicrosoft.com,yvwpermits@programmed.com.au","187","1230","","Shared Mailbox","UserMailbox","UserMailbox","True","2022-09-19"
